SMILES,zbg_tag,cluster_id,cluster_size,pIC50_pred,IC50_nM_est,IC50_tier,docking_pred,sa_score,l_shape_2d_proxy,MW,cLogP,HBD,HBA,TPSA,RotB,pains_brenk_flagged,soft_metabolic_liability,zbg_precedent_count,zbg_low_precedent,exceeds_real_precedent,ic50_model_low_confidence,dock_model_low_confidence,pIC50_hdac1_pred,pIC50_hdac6_pred,selectivity_vs_hdac1,selectivity_vs_hdac6,docking_hdac1_pred,docking_hdac6_pred,docking_selectivity
N#CCc1cc(C#N)ccc1Cc1cc(Cn2cccc(O)c2=S)cc(N2CCOC(N)C2)c1,3-HPT,2,40,7.9365136891795816,11.574075494516299,Tier 1 (<150 nM),-7.715850800408756,3.7522502220259604,1.4906865243321856,471.58600000000024,3.621450000000002,2,7,111.22999999999999,6,True,False,27,False,True,False,True,7.034555674663911,6.0490727766356,0.9019580145156709,1.8874409125439815,-6.916606549944305,-6.0759958035286905,0.7992442504644508
N#Cc1ccc(Cc2cc(N3CCOC(F)C3)cc(C(N)(Cl)n3cccc(O)c3=S)c2)c(N)c1,3-HPT,15,2,7.70936763640039,19.526857799080314,Tier 1 (<150 nM),-7.18812421734387,4.230480967378987,1.7481002843842335,499.9990000000001,3.956170000000001,3,7,113.46000000000001,5,True,False,27,False,True,True,True,6.541755103184692,6.142589582536334,1.1676125332156975,1.5667780538640557,-6.713505516286773,-5.408417712370461,0.47461870105709725
N#Cc1ccc(Cc2cc(N3CCOCC3)cc(C(N)(Cl)n3cccc(O)c3=S)c2)c(C#N)c1,3-HPT,5,3,7.694931138765376,20.186864189088947,Tier 1 (<150 nM),-7.372680537548252,3.695451951803914,1.8661247420177158,492.0040000000001,3.9500500000000027,2,7,111.23000000000002,5,True,False,27,False,True,False,True,6.60196020844985,5.993556306042624,1.0929709303155253,1.7013748327227516,-6.814996307309717,-5.432771916299107,0.557684230238535
COC(c1cc(Cc2ccc(C#N)cc2C#N)cc(N2CCOC(N)C2)c1)n1cccc(O)c1=S,3-HPT,4,10,7.672104268831329,21.27628166970819,Tier 1 (<150 nM),-7.49619042056323,4.232879156736832,1.3414812638880815,487.58500000000026,3.572050000000002,2,8,120.46,6,True,False,27,False,True,False,True,6.281956611261113,5.972087929541568,1.3901476575702159,1.7000163392897605,-6.8373995152645195,-5.825688832811816,0.6587909052987104
N#Cc1cc(C(=O)NC(=O)NC2CN3CCC2CC3)cc(C(=O)Cc2ccccc2F)c1CCCO,Acylurea,3,39,7.8558651955195185,13.935893042478199,Tier 1 (<150 nM),-7.0283226992905,4.022543003659661,2.014288777584775,492.55100000000033,2.581280000000001,3,6,122.53000000000002,8,False,True,24,False,False,False,True,6.794351128444344,6.080184063789285,1.0615140670751746,1.7756811317302335,-6.185446493202474,-6.352244945245145,0.6760777540453553
NC(=O)c1cc(C(=O)NC(=O)NC2CN3CCC2CC3)cc(N2CCOCC2)c1N1CCOCC1,Acylurea,11,12,7.557928221440052,27.673989929221666,Tier 1 (<150 nM),-7.253750617615412,3.997456159664776,2.4354803651728556,486.5730000000005,-0.007699999999996487,3,8,129.46999999999997,5,False,True,24,False,False,False,True,6.842922112308477,6.985111640793519,0.7150061091315747,0.5728165806465322,-6.7244849089371606,-6.958956269331841,0.2947943482835713
CC(=O)OOc1ccc(C(=O)NC(=O)NC2C3CCN(CC3)C2C(C)=O)cc1N1CCOCC1,Acylurea,32,2,7.443152395979479,36.045213647444115,Tier 1 (<150 nM),-7.366122313754974,4.410212067031312,2.6284161667825385,474.5140000000004,0.8713000000000009,2,9,126.50999999999999,6,True,True,24,False,False,False,True,6.589059815839857,5.525405205397252,0.8540925801396222,1.9177471905822268,-5.917655385072139,-6.516226723181983,0.8498955905729906
CCCCC1CC2CCN1CC2NC(=O)NC(=O)c1ccc(CBr)c(C(N)=O)c1,Acylurea,30,2,7.345349916238262,45.14920252837804,Tier 1 (<150 nM),-8.005144436999233,4.449452818675246,3.692403528761272,465.39200000000017,2.7728,3,4,104.53,7,True,True,24,False,False,False,True,7.06403940284143,7.2071482585573685,0.2813105133968321,0.13820165768089332,-5.29037111205151,-6.948719610084425,1.0564248269148075
N#CCOc1c(Cc2ccncc2)cc(-c2cscn2)c(C(=O)O)c1C(=O)CNc1ccoc1,Carboxylate,1,49,8.42754170244733,3.7364424505612557,Tier 1 (<150 nM),-7.110608632594246,3.380825362438716,1.3833226595118073,474.4980000000003,4.2842800000000025,2,9,138.34000000000003,10,False,False,148,False,False,True,True,7.027924057459397,6.808090743364772,1.3996176449879334,1.6194509590825579,-6.944041797168614,-6.675414752564761,0.16656683542563222
CNCc1cc(-c2cscn2)c(C(=O)O)c(C(=O)COC)c1O,Carboxylate,19,1,7.2320250421498065,58.610436777665555,Tier 1 (<150 nM),-7.497090840051142,2.9802628498969117,1.2233725488627416,336.3690000000001,1.7624,3,7,108.75,7,True,False,148,False,False,True,True,6.556413538163906,6.4944429495581,0.6756115039859001,0.7375820925917065,-6.709589188682404,-6.801866129376832,0.6952247106743092
CNc1cc(-c2cscn2)c(C(=O)O)c(C(=O)C(CCO)C2CC2)c1OC(Cl)C#N,Carboxylate,31,1,6.614609754069877,242.87915649011444,Tier 2 (150-300 nM),-7.2369470643017335,4.40086762745322,1.4739146678260668,449.9160000000003,3.6085800000000017,3,8,132.54,10,True,False,148,False,False,True,True,6.350479087839232,6.192933025493529,0.2641306662306455,0.4216767285763483,-6.962715195133975,-6.897501628478264,0.27423186916775855
N#Cc1c(Cc2ccncc2)cc(-c2cscn2)c(C(=O)O)c1C(=O)C(F)CCO,Carboxylate,21,1,6.474289537984397,335.51385732339793,Tier 3 (300-500 nM),-7.452243187564562,3.713789191569637,1.301133175808959,425.44100000000026,3.268980000000002,2,7,124.17,8,False,False,148,False,False,True,True,6.6337322055787,6.216869627918286,-0.1594426675943028,0.257419910066111,-6.8102468470937865,-6.756223366095886,0.6419963404707758
CCCCc1ccc2c(c1CCCCCCC#N)C1=NC(N3CCNCC3)CC(O)N1C(=S)S2,Cyclic-thione,6,21,7.962933300970812,10.890973442673044,Tier 1 (<150 nM),-7.333351165763795,4.29436892077897,1.1796590995325686,499.75000000000017,4.438380000000004,2,7,74.89,10,True,False,50,False,True,False,True,6.705978079840571,6.61011145438208,1.2569552211302417,1.352821846588732,-6.578098929676635,-6.845107025040666,0.48824414072312905
CS(=O)(=O)C1CCN2C(=S)Sc3ccc(C(N)CCCC#N)c(N4CCOCC4)c3C2=N1,Cyclic-thione,9,15,7.76879494905173,17.02962367620342,Tier 1 (<150 nM),-7.201846296821539,4.401649633546237,1.3947371155261115,493.6800000000005,2.430480000000001,1,9,112.02,6,True,False,50,False,True,False,True,6.672654324208025,6.192476582937025,1.096140624843705,1.5763183661147053,-6.3837468752981,-6.334920104017448,0.8180994215234385
CS(=O)(=O)C1CC(Cl)N2C(=S)Sc3ccc(C(=O)CC#N)c(N4CCOCC4)c3C2=N1,Cyclic-thione,20,4,7.4509499336569,35.40381529627123,Tier 1 (<150 nM),-7.333651875345125,4.499639931067547,1.2868230768840967,499.03900000000044,2.398080000000001,0,9,103.07000000000001,4,True,False,50,False,True,True,True,6.637364421206291,5.618161171222464,0.8135855124506088,1.8327887624344354,-6.820134087093744,-6.768547441724625,0.5135177882513808
CS(=O)(=O)NC(CCCCCCC#N)C1N=C2c3ccc(C#N)cc3SC(=S)N2C1N,Cyclic-thione,24,6,7.0594945038623225,87.19779363811509,Tier 1 (<150 nM),-8.39992757555366,4.492081401791741,3.029406381479291,476.65300000000013,2.4464599999999996,2,8,135.37,9,True,False,50,False,False,False,True,6.089438265023934,5.7438427480178005,0.9700562388383887,1.315651755844522,-6.7504181008868525,-6.421560611675363,1.6495094746668073
CCN(C#N)C(F)C(F)C(NC)c1ccc(/C=C/C(=O)Nc2ccccc2N)cc1Br,Ortho-aminoanilide,7,16,7.002571457992235,99.40964937397898,Tier 1 (<150 nM),-7.555424792522456,4.15777192688908,3.9216266634669577,492.36800000000017,4.380380000000002,3,5,94.17999999999999,9,True,False,385,False,True,False,True,5.772488233771481,6.464906215818969,1.2300832242207536,0.537665242173266,-6.158631422363641,-6.611448396666852,0.9439763958556044
N#CCc1nc(Br)c(-c2ccc(/C=C/C(=O)Nc3ccccc3N)cc2CCN)s1,Ortho-aminoanilide,41,1,6.807232542951215,155.8717664071011,Tier 2 (150-300 nM),-7.662263992579238,2.9911484218784636,3.223395129790019,482.40700000000027,4.373980000000002,3,6,117.82,7,True,False,385,False,True,False,True,6.267669194014853,7.4591410278318255,0.5395633489363618,-0.6519084848806109,-6.789844191565659,-6.618887173176629,0.8724198010135789
CNCc1c(Cl)cc(/C=C/C(=O)Nc2ccccc2N)c(C(O)Cl)c1Br,Ortho-aminoanilide,8,16,6.764499261594667,171.98902654638945,Tier 2 (150-300 nM),-7.308210271213285,3.3969665798846442,3.2193891636286645,459.1710000000001,4.285700000000003,4,4,87.38000000000001,6,True,False,385,False,True,False,True,6.572969379190301,6.50251537383852,0.19152988240436564,0.26198388775614667,-5.384638519839404,-6.675702117118674,0.6325081540946105
CCc1cc(/C=C/C(=O)Nc2ccccc2N)cc(Br)c1C(N)(Cl)CC#N,Ortho-aminoanilide,18,2,6.687496442748137,205.35418466930622,Tier 2 (150-300 nM),-7.087681640160338,3.451986621114969,3.605799616949109,447.7640000000001,4.509580000000002,3,4,104.93,6,True,False,385,False,False,False,True,6.364671466515224,6.707634184464286,0.32282497623291295,-0.020137741716149016,-4.855217421200757,-6.6890879949274415,0.3985936452328964
CC(=O)NC(=O)c1ccc(N(CCC(O)(F)CCC(=O)C(F)(F)F)C2CC2)c(Cl)c1,Trifluoromethyl-ketone,37,1,6.5906380858669,256.66220094443645,Tier 2 (150-300 nM),-7.7512268511413,3.6147878144657284,2.1795508734766957,452.8320000000001,3.544900000000003,2,5,86.71000000000001,9,False,True,23,False,False,False,False,6.0035120446839585,6.824602121444833,0.5871260411829411,-0.23396403557793377,-6.4848224770077705,-6.499454804960025,1.2517720461812747
CC(=O)NC(=O)c1ccc(N[C@@H](CCCC(=O)C(F)(F)F)c2nc(-c3ccccc3F)c[nH]2)cc1,Trifluoromethyl-ketone,36,1,6.529963591187084,295.14566498624373,Tier 2 (150-300 nM),-7.315104193456168,3.3751609877927464,1.9683850246189005,490.45700000000005,4.947000000000003,3,5,103.95000000000002,9,False,True,23,False,False,False,True,6.586126036891925,5.562435315680081,-0.056162445704841524,0.9675282755070027,-5.951816673268966,-5.753854620527022,1.3632875201872023
CNC(=O)c1cc2c(c(O)c1C)CN(C(=O)[C@H](N)Cc1ccc(C(Cl)NC)cc1Cl)C2,alpha-amino-amide,0,57,7.505773009599128,31.20520143705089,Tier 1 (<150 nM),-7.117758278432587,3.795027638708744,2.503814860234933,465.3810000000001,2.5826200000000004,4,5,107.69,6,True,False,59,False,True,False,True,6.74578331864723,6.369904623699864,0.7599896909518984,1.135868385899264,-6.057689552618352,-6.748764311303275,0.36899396712931143
CNC(=O)c1cc2c(c(C)c1C)C(C#N)N(C(=O)[C@H](N)Cc1ccc(C(C)Cl)cc1Cl)C2,alpha-amino-amide,25,1,7.001139838444594,99.73788661748421,Tier 1 (<150 nM),-7.924972064950231,4.0307102813724,2.239005913025734,473.4040000000002,4.0931200000000025,2,4,99.22,5,True,False,59,False,True,False,True,6.140330358709327,6.1657813225280576,0.8608094797352672,0.8353585159165364,-6.099139806809957,-6.610327304704072,1.3146447602461597
CCCNC(Cl)c1c(C)cc(C[C@@H](N)C(=O)N2Cc3ccccc3C2)c(C(Cl)NC)c1F,alpha-amino-amide,43,1,6.858838363825476,138.40814119906634,Tier 1 (<150 nM),-7.879178953706465,4.170261765353535,1.9474697965353804,481.44300000000015,4.240120000000003,3,4,70.39,9,True,False,59,False,False,False,True,6.522183204799897,6.422712128710224,0.33665515902557885,0.4361262351152524,-5.683313921876212,-6.614321426489439,1.2648575272170266
CNc1cc2c(c(CF)c1C)CN(C(=O)[C@H](N)Cc1ccc(O)c(Br)c1Cl)C2,alpha-amino-amide,42,1,6.827294734122304,148.83506651223567,Tier 1 (<150 nM),-7.563591463834332,3.7245081864322236,2.682772899377296,470.7700000000001,4.039920000000003,3,4,78.59,5,False,False,59,False,False,False,True,6.601888233409291,6.274260994719909,0.22540650071301283,0.5530337394023945,-6.106498953026012,-6.309227629871709,1.2543638339626222
