SMILES,pIC50_pred,IC50_nM_est,IC50_tier,docking_pred,zbg_tag,pains_brenk_flagged,soft_metabolic_liability,sa_score,MW,cLogP,HBD,HBA,TPSA,RotB,l_shape_2d_proxy,pIC50_hdac1_pred,pIC50_hdac6_pred,selectivity_vs_hdac1,selectivity_vs_hdac6,docking_hdac1_pred,docking_hdac6_pred,docking_selectivity,passes_ic50_selectivity,periphery_touched,ic50_model_max_similarity,dock_model_max_similarity,ic50_model_low_confidence,dock_model_low_confidence,zbg_precedent_count,zbg_low_precedent,zbg_real_pic50_ceiling,exceeds_real_precedent,cluster_id,cluster_size
CCCc1ccc(C[C@@H](N)C(=O)N2Cc3cc(CC(C)C#N)c(C(=O)NC)cc3C2)c(CC#N)c1,7.406610001368976,39.20938212856583,Tier 1 (<150 nM),-8.63887251913691,alpha-amino-amide,False,False,3.7971453956525565,471.60500000000025,3.1791600000000013,2,5,123.00999999999999,9,2.3715456289113614,5.668839272575542,6.374900925300776,1.7377707287934339,1.0317090760682,-6.219239690785954,-6.923169819126197,1.7157027000107137,False,False,0.42857142857142855,0.26506024096385544,False,True,58,False,6.995678626217357,True,1,33
CCCc1ccc(C[C@@H](N)C(=O)N2Cc3cc(CNC)c(C(C)=O)cc3C2)c(CC#N)c1,7.333878905134281,46.35761612296279,Tier 1 (<150 nM),-7.083793431349305,alpha-amino-amide,False,False,3.3468127822003435,432.5680000000002,3.039380000000002,2,5,99.22,9,2.7564171628992273,5.528724864561841,5.910526614420334,1.8051540405724396,1.4233522907139466,-6.22362469426973,-6.85363231981322,0.2301611115360851,True,False,0.4794520547945205,0.275,False,True,58,False,6.995678626217357,True,1,33
CCCc1ccc(C[C@@H](N)C(=O)N2Cc3cc(C(=O)NC)c(C(CC)CN)cc3C2)c(CC#N)c1,7.31977958426078,47.887307119049815,Tier 1 (<150 nM),-8.795319426614943,alpha-amino-amide,False,False,3.787403127611319,475.6370000000003,2.929280000000001,3,5,125.24000000000001,10,2.6921726078292267,5.3021341949917025,5.778404165777571,2.0176453892690773,1.5413754184832085,-6.319424410585167,-6.972218617142629,1.8231008094723142,True,False,0.4177215189873418,0.25882352941176473,False,True,58,False,6.995678626217357,True,1,33
CCCCC(CNC(=O)NC)c1ccc2c(c1)CN(C(=O)[C@H](N)Cc1ccc(Cl)cc1C)C2,7.287933139183762,51.53079715385242,Tier 1 (<150 nM),-7.347467438204439,alpha-amino-amide,False,False,3.3728057592908964,471.0450000000003,4.263420000000003,3,3,87.46000000000001,9,2.329081395355124,5.760581695950557,5.886011163297087,1.5273514432332052,1.4019219758866752,-5.332745514375761,-6.820564093435875,0.5269033447685638,True,False,0.5492957746478874,0.2558139534883721,False,True,58,False,6.995678626217357,True,9,11
CCCCC(CNC)c1ccc2c(c1)CN(C(=O)[C@H](N)Cc1ccc(Cl)cc1CO)C2,7.283553698191279,52.05306439906794,Tier 1 (<150 nM),-7.123065189615886,alpha-amino-amide,False,False,3.4030307459463334,444.01900000000023,3.737700000000002,3,4,78.59,10,2.915851135797377,5.926366080503328,6.228699027344406,1.3571876176879512,1.0548546708468738,-5.556963570456088,-6.58889107372639,0.5341741158894964,False,False,0.5352112676056338,0.2619047619047619,False,True,58,False,6.995678626217357,True,9,11
CCc1ccc(C[C@@H](N)C(=O)N2Cc3ccc(C(CC)CC(NC)NC)cc3C2)c(Cl)c1,7.282042154465014,52.2345485469412,Tier 1 (<150 nM),-7.40313424956066,alpha-amino-amide,True,False,3.6299125203223843,457.0620000000001,3.9632000000000023,3,4,70.39,10,2.365888490417346,5.054986460911083,5.134632462997829,2.2270556935539307,2.1474096914671845,-5.339416994962128,-6.265757034220361,1.1373772153402992,True,False,0.5735294117647058,0.24096385542168675,False,True,58,False,6.995678626217357,True,9,11
CNC(=O)c1cc2c(cc1-c1ccoc1)CN(C(=O)[C@H](N)Cc1ccc(CCC#N)cc1Cl)C2,7.28096120430425,52.36472121065306,Tier 1 (<150 nM),-7.892222094899369,alpha-amino-amide,False,False,3.3760269518039134,476.9640000000003,3.827980000000002,2,5,112.36000000000001,7,2.7342581961143804,5.580534418355089,6.280934877631084,1.700426785949161,1.0000263266731668,-5.831257783709261,-5.8348065446722295,2.057415550227139,False,False,0.4935064935064935,0.28735632183908044,False,True,58,False,6.995678626217357,True,1,33
CCCCC(CC(N)=O)c1ccc2c(c1)CN(C(=O)[C@H](N)Cc1cc(C(C)(C)C)c(NC)cc1C)C2,7.264239683830537,54.42022288667291,Tier 1 (<150 nM),-7.817579729420217,alpha-amino-amide,False,False,3.6597648750249068,492.70800000000037,4.895620000000004,3,4,101.45,10,2.508134996051752,5.592624610272564,5.566791764110791,1.6716150735579731,1.697447919719746,-5.630851508912994,-6.538450518738703,1.2791292106815142,True,False,0.3875,0.2247191011235955,False,True,58,False,6.995678626217357,True,10,6
CNC(=O)NCC(CCCl)c1ccc2c(c1)CN(C(=O)[C@H](N)Cc1ccc(CC#N)cc1C)C2,7.261969980467442,54.70537753271048,Tier 1 (<150 nM),-8.418771853586476,alpha-amino-amide,True,False,3.665912060496396,482.0280000000003,3.1148000000000016,3,4,111.25,9,2.022268514202121,5.658091120513122,6.0484344218130035,1.6038788599543201,1.2135355586544385,-5.348722071389884,-6.894025257954138,1.5247465956323376,False,False,0.47435897435897434,0.25882352941176473,False,True,58,False,6.995678626217357,True,10,6
CCc1ccc(C[C@@H](N)C(=O)N2Cc3ccc(C(CC)CC(NC)NC(N)=O)cc3C2)c(Cl)c1,7.251724733546091,56.01125020001283,Tier 1 (<150 nM),-7.320361931684418,alpha-amino-amide,True,False,3.858482324278101,486.0600000000002,3.4121000000000006,4,4,113.47999999999999,10,2.4697703347169147,5.241057279855712,5.175092060926172,2.0106674536903792,2.076632672619919,-5.907374952056663,-5.948640536201634,1.3717213954827834,True,False,0.5342465753424658,0.23157894736842105,False,True,58,False,6.995678626217357,True,9,11
CCc1cc2c(cc1C(=O)NC)CN(C(=O)[C@H](N)Cc1ccc(CCC#N)cc1CCCC#N)C2,7.244450439316131,56.95732188004231,Tier 1 (<150 nM),-8.30655291629625,alpha-amino-amide,True,False,3.445106772641182,471.6050000000004,3.323260000000001,2,5,123.00999999999999,10,2.3796676034391004,5.496740676564472,6.133495788317531,1.7477097627516587,1.1109546509985995,-5.963767462570705,-6.75221070256745,1.5543422137287992,False,False,0.4657534246575342,0.26582278481012656,False,True,58,False,6.995678626217357,True,1,33
CCCCC(CC(=O)NC)c1ccc2c(c1)CN(C(=O)[C@H](N)Cc1ccc(NC)cc1C)C2,7.234821975091153,58.234188098016595,Tier 1 (<150 nM),-7.209172452652898,alpha-amino-amide,False,False,3.42232080945812,450.62700000000024,3.8588200000000024,3,4,87.46000000000001,10,2.540529109451062,5.746658545532339,5.924242585098251,1.4881634295588135,1.3105793899929017,-5.962838269375283,-6.986322408492115,0.2228500441607828,True,False,0.4533333333333333,0.26136363636363635,False,True,58,False,6.995678626217357,True,10,6
CCCCc1ccc(C[C@@H](N)C(=O)N2Cc3cc(C(=O)NC)c(-c4ccoc4)cc3C2)c(CC#N)c1,7.225515957244349,59.495489598140786,Tier 1 (<150 nM),-8.355542937224051,alpha-amino-amide,False,False,3.4482470582107148,484.60000000000025,4.127080000000004,2,5,112.36000000000001,9,2.536334596957614,5.594700357066872,6.356935814363033,1.6308156001774776,0.8685801428813162,-5.382729419418752,-6.272325214121034,2.083217723103017,False,False,0.39759036144578314,0.24175824175824176,False,True,58,False,6.995678626217357,True,1,33
CCCc1ccc(C[C@@H](N)C(=O)N2Cc3cc(C(=O)NC)c(-c4ccoc4)cc3C2)c(C(C)=O)c1,7.219042808258128,60.38891013010022,Tier 1 (<150 nM),-7.8683290428369155,alpha-amino-amide,False,False,3.3251072435987954,473.5730000000002,3.8735000000000026,2,5,105.64000000000001,8,2.6590020304599316,5.707675681389112,6.271266343442884,1.5113671268690156,0.9477764648152442,-4.965763616172825,-6.761076295363728,1.1072527474731872,False,False,0.4230769230769231,0.24691358024691357,False,True,58,False,6.995678626217357,True,1,33
CNCc1cc(CCC#N)ccc1C[C@@H](N)C(=O)N1Cc2cc(C(=O)NC)c(-c3ccoc3)cc2C1,7.210468664183869,61.59299689430899,Tier 1 (<150 nM),-8.780462153417025,alpha-amino-amide,False,False,3.514270135133792,485.58800000000025,2.893980000000001,3,6,124.39,9,2.5304373197051757,5.561881579947855,6.401464948412444,1.6485870842360146,0.8090037157714249,-6.580132261609871,-6.041039999552768,2.2003298918071534,False,False,0.45,0.25274725274725274,False,True,58,False,6.995678626217357,True,1,33
CCC(C#N)CCc1ccc(C[C@@H](N)C(=O)N2Cc3cc(C)c(C(=O)NC)cc3C2)c(CC#N)c1,7.209392072777737,61.7458718485909,Tier 1 (<150 nM),-8.2526034503841,alpha-amino-amide,False,False,3.79726958280561,471.6050000000003,3.3152800000000013,2,5,123.00999999999999,9,2.6431579366495535,5.93965173510376,6.0913155655070295,1.2697403376739773,1.1180765072707075,-6.466648401519772,-6.83928670228044,1.4133167481036608,False,False,0.45454545454545453,0.2804878048780488,False,True,58,False,6.995678626217357,True,1,33
CCCCc1ccc(C[C@@H](N)C(=O)N2Cc3cc(N)c(C(=O)NC)cc3C2)c(Cl)c1,7.196907578687445,63.54661497035921,Tier 1 (<150 nM),-8.014060599889389,alpha-amino-amide,True,False,2.9896764549087074,428.96400000000017,3.0366000000000017,3,4,101.45000000000002,7,2.927440741110614,5.835846266684299,5.939273263078897,1.3610613120031463,1.2576343156085477,-5.848678049219078,-6.668357379760878,1.3457032201285104,True,False,0.5909090909090909,0.2911392405063291,False,True,58,False,6.995678626217357,True,1,33
CCCc1ccc(C[C@@H](N)C(=O)N2Cc3ccc(C(=O)NC(C)=O)cc3C2)c(Cl)c1,7.191838336229922,64.29269988738294,Tier 1 (<150 nM),-8.445812645788074,alpha-amino-amide,False,True,2.874641607828078,427.93200000000013,2.9810000000000016,2,4,92.5,6,2.602262756430673,5.426019404850821,5.724989148424142,1.7658189313791013,1.4668491878057797,-6.289338569539662,-6.868129190565685,1.577683455222389,True,False,0.6612903225806451,0.38028169014084506,False,False,58,False,6.995678626217357,True,1,33
CCCCc1ccc(C[C@@H](N)C(=O)N2Cc3cc(CNC)c(C(=O)NC)cc3C2)c(CC#N)c1,7.17800791547134,66.37309731002127,Tier 1 (<150 nM),-8.641697951180198,alpha-amino-amide,False,False,3.362141005447638,461.61000000000024,2.5864800000000017,3,5,111.25,10,2.603638289563305,5.684159265753186,6.199435506195746,1.4938486497181538,0.9785724092755936,-5.449141237167622,-6.32695146389587,2.314746487284328,False,False,0.4605263157894737,0.26506024096385544,False,True,58,False,6.995678626217357,True,1,33
CNC(=O)c1cc2c(cc1CC#N)CN(C(=O)[C@H](N)Cc1ccc(CCC#N)cc1Cl)C2,7.175691347514698,66.72808362981438,Tier 1 (<150 nM),-8.408338042385928,alpha-amino-amide,False,False,3.3633923846203944,449.94200000000023,2.6340600000000007,2,5,123.00999999999999,7,2.4833634453165336,5.639645046014266,6.123434569463797,1.5360463015004324,1.0522567780509018,-6.6963864754488185,-6.639969440475361,1.7119515669371097,False,False,0.5428571428571428,0.2962962962962963,False,True,58,False,6.995678626217357,True,1,33
CCCCc1ccc(C[C@@H](N)C(=O)N2Cc3cc(CCl)c(C(=O)NC)cc3C2)c(CC#N)c1,7.17484836797416,66.85773076762025,Tier 1 (<150 nM),-9.319469685044252,alpha-amino-amide,True,False,3.361891440732194,467.0130000000002,3.6058800000000026,2,4,99.22,9,2.517340066447818,5.582328207218209,6.040735471597974,1.5925201607559512,1.1341128963761866,-5.0849995945748185,-6.629803107757219,2.689666577287033,False,False,0.44155844155844154,0.2682926829268293,False,True,58,False,6.995678626217357,True,1,33
CCC(CNCNC)c1ccc2c(c1)CN(C(=O)[C@H](N)Cc1ccc(Cl)cc1Cl)C2,7.173750747423016,67.02691834684445,Tier 1 (<150 nM),-7.514236780084981,alpha-amino-amide,True,False,3.5002248909214604,449.42600000000016,3.665700000000002,3,4,70.39,9,2.1899522048153104,5.326343003208849,5.483122840445236,1.8474077442141672,1.69062790697778,-5.747975346700426,-6.5457722458028895,0.9684645342820914,True,False,0.65625,0.25609756097560976,False,True,58,False,6.995678626217357,True,9,11
CCCCCc1ccc(C[C@@H](N)C(=O)N2Cc3cc(N)c(C(=O)NC)cc3C2)c(Cl)c1,7.173328233141155,67.09215889616861,Tier 1 (<150 nM),-8.744152357264213,alpha-amino-amide,True,False,2.998270101892059,442.9910000000002,3.426700000000001,3,4,101.45000000000002,8,2.815288970074912,5.748960568992396,5.939273263078897,1.4243676641487593,1.2340549700622576,-5.271029235786553,-6.130781980326804,2.613370376937408,True,False,0.582089552238806,0.2875,False,True,58,False,6.995678626217357,True,1,33
CNC(=O)c1cc2c(cc1-c1ccoc1)CN(C(=O)[C@H](N)Cc1ccc(CCC#N)cc1NC)C2,7.171801066830622,67.32849909544251,Tier 1 (<150 nM),-8.660846509515425,alpha-amino-amide,False,False,3.5195583924499445,471.56100000000026,3.216280000000001,3,6,124.39000000000001,8,2.660027516717285,5.56447894034749,6.335459835217828,1.6073221264831323,0.8363412316127938,-6.741747768749714,-6.878538888093313,1.7823076214221114,False,False,0.4074074074074074,0.23529411764705882,False,True,58,False,6.995678626217357,True,1,33
CNC(=O)c1cc2c(cc1-c1ccoc1)CN(C(=O)[C@H](N)Cc1ccc(CCC#N)cc1C)C2,7.167593224409651,67.98400968113762,Tier 1 (<150 nM),-8.198517627172208,alpha-amino-amide,False,False,3.378734163342374,456.5460000000003,3.4830000000000023,2,5,112.36000000000001,7,2.7342581961143804,5.539793945019661,6.396058382481375,1.6277992793899898,0.7715348419282764,-6.482747504654662,-6.975876521991325,1.222641105180883,False,False,0.4074074074074074,0.23529411764705882,False,True,58,False,6.995678626217357,True,1,33
CNC(=O)c1cc2c(cc1N)CN(C(=O)[C@H](N)Cc1ccc(CCCN)cc1Cl)C2,7.167382739640531,68.01696673534117,Tier 1 (<150 nM),-7.6395230596136665,alpha-amino-amide,True,False,3.0727316912386433,429.9520000000002,1.5852999999999997,4,5,127.47,7,2.4381206661509647,5.97161600549332,5.842203376987323,1.1957667341472114,1.3251793626532082,-6.044392864970725,-6.805756402507409,0.8337666571062572,True,False,0.625,0.2948717948717949,False,True,58,False,6.995678626217357,True,1,33
CCCCC(CC(N)=O)c1ccc2c(c1)CN(C(=O)[C@H](N)Cc1cc(C)c(NC)cc1C)C2,7.161160223941422,68.99852011489178,Tier 1 (<150 nM),-7.717360447828234,alpha-amino-amide,False,False,3.494302765796096,450.6270000000003,3.9065400000000023,3,4,101.45,10,2.7604439841793673,5.58744793435264,5.616602031135456,1.5737122895887818,1.5445581928059653,-5.682769340272629,-6.681965885723783,1.0353945621044511,True,False,0.4025974025974026,0.23255813953488372,False,True,58,False,6.995678626217357,True,10,6
CCCc1ccc(C[C@@H](N)C(=O)N2Cc3cc(C(=O)NC)c(-c4ccoc4)cc3C2)c(Cl)c1,7.1589876038824425,69.34455988319131,Tier 1 (<150 nM),-8.391432132138348,alpha-amino-amide,False,False,3.2187525530420436,465.9810000000001,4.324300000000003,2,4,88.57000000000001,7,2.7834185618675837,5.716636083375881,6.069870015284728,1.4423515205065618,1.0891175885977145,-5.302908982754127,-5.7888487281209935,2.6025834040173548,False,False,0.5205479452054794,0.2857142857142857,False,True,58,False,6.995678626217357,True,1,33
CCC(CC(NC)C(C)(C)C)c1ccc2c(c1)CN(C(=O)[C@H](N)Cc1ccc(C)cc1CC#N)C2,7.157498017297173,69.58281313867285,Tier 1 (<150 nM),-7.377825402990006,alpha-amino-amide,False,False,3.944723570012661,474.6930000000003,4.991100000000004,2,4,82.15,9,2.607998555485254,5.320485401782185,5.150753154637025,1.837012615514988,2.006744862660148,-6.391490167522971,-6.572833190251364,0.8049922127386422,True,False,0.4074074074074074,0.22988505747126436,False,True,58,False,6.995678626217357,True,13,3
CNC(=O)c1cc2c(cc1-c1ccoc1)CN(C(=O)[C@H](N)Cc1ccc(CCCN)cc1Cl)C2,7.152167919667068,70.4420652537871,Tier 1 (<150 nM),-8.118135102573543,alpha-amino-amide,False,False,3.2897783941116057,480.9960000000003,3.2631000000000006,3,5,114.59,8,2.651511201156805,5.904739829907667,6.068638695608236,1.247428089759401,1.0835292240588323,-5.682762673575561,-6.003684194685108,2.1144509078884353,False,False,0.5342465753424658,0.2823529411764706,False,True,58,False,6.995678626217357,True,3,4
CCCc1ccc(C[C@@H](N)C(=O)N2Cc3cc(CNC)c(C(=O)NC)cc3C2)c(CC#N)c1,7.1493752178403005,70.89649781000332,Tier 1 (<150 nM),-9.143699740334979,alpha-amino-amide,False,False,3.3679762233408894,447.5830000000002,2.1963800000000004,3,5,111.25,9,2.826169607432205,5.679607555270858,6.288456520564574,1.469767662569443,0.8609186972757268,-6.019366056182912,-6.385517255140702,2.7581824851942773,False,False,0.47297297297297297,0.2716049382716049,False,True,58,False,6.995678626217357,True,1,33
CCc1cc(CCC#N)ccc1C[C@@H](N)C(=O)N1Cc2cc(C(=O)NC)c(-c3ccoc3)cc2C1,7.1465277679827715,71.36285755777044,Tier 1 (<150 nM),-8.507842385376453,alpha-amino-amide,False,False,3.439101049792602,470.57300000000026,3.7369800000000026,2,5,112.36,8,2.6600275167172835,5.473252698633608,6.366150701331688,1.6732750693491631,0.7803770666510834,-5.902421671653431,-6.725570574726658,1.782271810649795,False,False,0.4074074074074074,0.24719101123595505,False,True,58,False,6.995678626217357,True,1,33
CCc1cc2c(cc1C(=O)NC)CN(C(=O)[C@H](N)Cc1ccc(CCC(C)CC)cc1CC#N)C2,7.14182252647351,72.14022184556069,Tier 1 (<150 nM),-9.156815980190363,alpha-amino-amide,False,False,3.6451931355415326,474.6490000000004,4.065580000000002,2,4,99.22,10,2.697291904354731,5.715930826270266,6.157660072222919,1.4258917002032439,0.9841624542505905,-6.042818279862027,-6.675782097511967,2.4810338826783953,False,False,0.4230769230769231,0.25301204819277107,False,True,58,False,6.995678626217357,True,1,33
CCCc1cc2c(cc1C(=O)NC)CN(C(=O)[C@H](N)Cc1ccc(CCC#N)cc1Cl)C2,7.141677607382255,72.16429822758977,Tier 1 (<150 nM),-9.6678210137431,alpha-amino-amide,False,False,3.2177324019064795,452.9860000000002,3.520480000000002,2,4,99.22,8,2.8807385441918165,5.654309684892615,6.042080182378192,1.4873679224896401,1.0995974250040632,-6.22062296621577,-6.678631625993928,2.989189387749173,False,False,0.5352112676056338,0.2926829268292683,False,True,58,False,6.995678626217357,True,1,33
CNC(=O)c1cc2c(cc1-c1ccoc1)CN(C(=O)[C@H](N)Cc1ccc(CCCO)cc1C(C)=O)C2,7.141077974585644,72.26400469064566,Tier 1 (<150 nM),-7.92700553434355,alpha-amino-amide,False,False,3.382361018158745,489.57200000000034,2.845900000000001,3,6,125.87,9,2.4974455699254627,5.678531904269032,6.1491192225725975,1.4625460703166127,0.9919587520130468,-6.0801590303039,-6.885914237062731,1.0410912972808193,False,False,0.4177215189873418,0.2261904761904762,False,True,58,False,6.995678626217357,True,3,4
CCC(CC(CC)c1ccc2c(c1)CN(C(=O)[C@H](N)Cc1ccc(C)cc1CC#N)C2)NC,7.138141594077473,72.75425634079637,Tier 1 (<150 nM),-8.142116793439259,alpha-amino-amide,False,False,3.8637762842268044,446.6390000000003,4.355000000000003,2,4,82.15,10,2.7344194160500157,5.297286177984927,5.017544737701294,1.8408554160925457,2.120596856376179,-6.4938776009987755,-6.968656378980503,1.1734604144587557,True,False,0.4230769230769231,0.23958333333333334,False,True,58,False,6.995678626217357,True,13,3
CNC(=O)c1cc2c(cc1-c1ccoc1)CN(C(=O)[C@H](N)Cc1ccc(CCCC#N)cc1C)C2,7.125800886808948,74.85125962163355,Tier 1 (<150 nM),-8.524576246960473,alpha-amino-amide,True,False,3.3786590917506434,470.5730000000003,3.8731000000000027,2,5,112.36000000000001,8,2.4921019342754147,5.595284960251235,6.385612170724933,1.5305159265577126,0.740188716084015,-5.5551246537327295,-6.585096678645067,1.9394795683154058,False,False,0.4024390243902439,0.23255813953488372,False,True,58,False,6.995678626217357,True,3,4
CNC(=O)c1cc2c(cc1-c1ccoc1)CN(C(=O)[C@H](N)Cc1ccc(CCCC#N)cc1Cl)C2,7.123161742245163,75.3075047313927,Tier 1 (<150 nM),-8.423663820768194,alpha-amino-amide,True,False,3.3760339169254685,490.9910000000003,4.218080000000003,2,5,112.36000000000001,8,2.4921019342754147,5.689486044231075,6.31150010753309,1.4336756980140875,0.8116616347120731,-5.532192512609482,-5.689328889862576,2.734334930905618,False,False,0.48717948717948717,0.2840909090909091,False,True,58,False,6.995678626217357,True,1,33
CCC(CN)c1ccc2c(c1)CN(C(=O)[C@H](N)Cc1ccc(C(C)(C)C)cc1CNC)C2,7.109741181417216,77.67098603760398,Tier 1 (<150 nM),-7.598368379418864,alpha-amino-amide,False,False,3.5109030601196656,436.64400000000023,3.5680000000000023,3,4,84.38,8,2.536169292217052,5.539585151549229,5.257839234025364,1.570156029867987,1.8519019473918519,-6.612640473062522,-6.707024932642777,0.8913434467760872,True,False,0.5142857142857142,0.2345679012345679,False,True,58,False,6.995678626217357,True,9,11
CNCCc1ccc(C[C@@H](N)C(=O)N2Cc3ccc(C(=O)NC(C)=O)cc3C2)c(Cl)c1,7.106949915115523,78.17179507848981,Tier 1 (<150 nM),-8.467174688635827,alpha-amino-amide,False,True,2.969510352339288,442.94700000000023,1.7904000000000002,3,5,104.53,7,2.409514920284482,5.560873207079637,5.9430460652333466,1.5460767080358861,1.1639038498821765,-5.632113755380947,-6.489609349281032,1.9775653393547952,True,False,0.6666666666666666,0.3698630136986301,False,False,58,False,6.995678626217357,True,8,3
CCCc1cc(C(C)(C)C)cc(CNC)c1C[C@@H](N)C(=O)N1Cc2ccc(C(CC)CN)cc2C1,7.105781370793607,78.38241302115334,Tier 1 (<150 nM),-7.2594690325307685,alpha-amino-amide,False,False,3.7062550308627076,478.72500000000036,4.520500000000002,3,4,84.38,10,2.3899998265075686,5.317123918706687,5.2606999524011435,1.7886574520869196,1.8450814183924633,-5.494179449609218,-5.870308881168166,1.3891601513626028,True,False,0.42857142857142855,0.2235294117647059,False,True,58,False,6.995678626217357,True,13,3
CCC(CCC(C)F)c1ccc2c(c1)CN(C(=O)[C@H](N)Cc1ccc(NC)cc1CC#N)C2,7.104590974926591,78.59755297055659,Tier 1 (<150 nM),-8.198985590707633,alpha-amino-amide,False,False,3.927111902955902,450.60200000000026,4.8383800000000035,2,4,82.15,10,2.3229716305954176,5.742669570905426,5.853074752526459,1.3619214040211647,1.2515162224001317,-6.42732710780765,-6.79115596269755,1.4078296280100826,True,False,0.4177215189873418,0.23404255319148937,False,True,58,False,6.995678626217357,True,10,6
CCCc1ccc(C[C@@H](N)C(=O)N2Cc3cc(CC)c(C(=O)NC)c(C(C)(C)C)c3C2)c(CC#N)c1,7.101088006384718,79.23407525461307,Tier 1 (<150 nM),-9.3310647629272,alpha-amino-amide,False,False,3.5977928334438856,488.6760000000003,4.336880000000004,2,4,99.22,8,2.763465580800542,5.773725523877553,6.643124439990657,1.3273624825071657,0.45796356639406177,-5.874538994070634,-6.804026870035452,2.527037892891748,False,False,0.4074074074074074,0.25882352941176473,False,True,58,False,6.995678626217357,True,1,33
CCCCc1ccc(C[C@@H](N)C(=O)N2Cc3cc(C(=O)NC)c(-c4ccoc4)cc3C2)c(Cl)c1,7.0999882996929236,79.43496349719182,Tier 1 (<150 nM),-8.540249302134262,alpha-amino-amide,False,False,3.2179702210346823,480.00800000000015,4.714400000000004,2,4,88.57000000000001,8,2.6515112011568034,5.737064439613059,5.947287130416143,1.3629238600798645,1.1527011692767806,-5.032287515269474,-5.682732547005642,2.8575167551286196,True,False,0.5066666666666667,0.27906976744186046,False,True,58,False,6.995678626217357,True,1,33
CCC(CC(Cl)NC)c1ccc2c(c1)CN(C(=O)[C@H](N)Cc1ccc(C)cc1CC#N)C2,7.0991873892618855,79.5815897904651,Tier 1 (<150 nM),-7.981344485538252,alpha-amino-amide,True,False,3.9727346949520284,453.0300000000003,4.141300000000003,2,4,82.15,9,2.656841231794858,5.272118659090271,5.129153216452838,1.8270687301716144,1.9700341728090471,-6.413553535724715,-6.906322319822391,1.0750221657158612,True,False,0.4358974358974359,0.23529411764705882,False,True,58,False,6.995678626217357,True,9,11
CCC(CNC)c1ccc2c(c1)CN(C(=O)[C@H](N)Cc1cc(C(=O)NC)c(Cl)cc1O)C2,7.096339056227503,80.10524329101789,Tier 1 (<150 nM),-7.068165520298897,alpha-amino-amide,False,False,3.5133229901895957,458.99000000000024,2.5304,4,5,107.69000000000001,8,2.0552174391494655,5.881589405909996,5.600681668414594,1.2147496503175068,1.4956573878129094,-6.451404733386809,-6.942047505378146,0.1261180149207508,True,False,0.5428571428571428,0.24705882352941178,False,True,58,False,6.995678626217357,True,9,11
CCC(=O)NC(=O)c1ccc2c(c1)CN(C(=O)[C@H](N)Cc1ccc(CCC(=O)NC)cc1Cl)C2,7.096100285460826,80.14929646225411,Tier 1 (<150 nM),-9.027148363279549,alpha-amino-amide,False,True,3.007195456304732,484.98400000000026,2.0972,3,5,121.6,8,2.3970964204148792,5.694054823790827,6.167282276356576,1.4020454616699993,0.9288180091042504,-6.3077434999021325,-6.401128340800292,2.626020022479257,False,False,0.6615384615384615,0.36363636363636365,False,False,58,False,6.995678626217357,True,8,3
CCC(CC(NC)NC)c1ccc2c(c1)CN(C(=O)[C@H](N)Cc1ccc(CCl)cc1Cl)C2,7.094796864631042,80.39020485698946,Tier 1 (<150 nM),-7.39205857902567,alpha-amino-amide,True,False,3.716857031990492,477.48000000000025,4.139600000000003,3,4,70.39,10,2.3658884904173463,5.0426163473783125,5.260846914087859,2.0521805172527294,1.8339499505431833,-5.330406382863363,-6.089449288480753,1.3026092905449165,True,False,0.5652173913043478,0.23809523809523808,False,True,58,False,6.995678626217357,True,9,11
CCCC(=O)NC(=O)c1ccc2c(c1)CN(C(=O)[C@H](N)Cc1ccc(CCC)cc1Cl)C2,7.092917196545664,80.73889539670901,Tier 1 (<150 nM),-7.632685658407846,alpha-amino-amide,False,True,2.8974039662971443,455.98600000000033,3.7612000000000023,2,4,92.5,8,2.856942165565468,5.861197739634954,5.6904297964782895,1.2317194569107102,1.4024874000673746,-5.249586545663268,-6.042651451298492,1.5900342071093538,True,False,0.640625,0.3246753246753247,False,True,58,False,6.995678626217357,True,1,33
CNC(=O)c1cc2c(cc1-c1coc(F)c1)CN(C(=O)[C@H](N)Cc1ccc(CCC#N)cc1Cl)C2,7.089532555087646,81.3705862401732,Tier 1 (<150 nM),-8.0238207919394,alpha-amino-amide,False,False,3.563191858983412,494.9540000000003,3.967080000000003,2,5,112.36000000000001,7,2.8117925175692022,5.342043711335762,6.208854421276879,1.747488843751884,0.8806781338107674,-5.874939130382879,-5.686087501220538,2.148881661556521,False,False,0.475,0.2777777777777778,False,True,58,False,6.995678626217357,True,1,33
CNCc1cc(CCCN)ccc1C[C@@H](N)C(=O)N1Cc2cc(C(=O)NC)c(-c3ccoc3)cc2C1,7.086150085073417,82.00680932274605,Tier 1 (<150 nM),-8.21334377503378,alpha-amino-amide,False,False,3.433095022011619,489.6200000000003,2.3291000000000004,4,6,126.61999999999999,10,2.4662191188735743,5.955714689392935,6.176048113633852,1.1304353956804816,0.9101019714395644,-5.795106558046945,-5.939946676409098,2.273397098624682,False,False,0.4675324675324675,0.24719101123595505,False,True,58,False,6.995678626217357,True,1,33
CCC(CC)c1ccc2c(c1)CN(C(=O)[C@H](N)Cc1ccc(C(C)(C)N)cc1CNC)C2,7.084964399713219,82.23100541512446,Tier 1 (<150 nM),-7.016385478584802,alpha-amino-amide,False,False,3.317152400727883,436.64400000000023,3.915600000000002,3,4,84.38,9,2.536169292217052,5.449555360421504,5.34110137882763,1.6354090392917149,1.7438630208855894,-6.34230851171763,-6.298374261530261,0.6740769668671716,True,False,0.5217391304347826,0.2261904761904762,False,True,58,False,6.995678626217357,True,9,11
CNC(=O)c1cc2c(cc1-c1ccoc1)CN(C(=O)[C@H](N)Cc1ccc(CCC#N)cc1C(C)C)C2,7.08146741415569,82.89581120590088,Tier 1 (<150 nM),-8.259304170914568,alpha-amino-amide,False,False,3.492276174289742,484.6000000000003,4.2979800000000035,2,5,112.36000000000001,8,2.565829164760027,5.4752547520600885,6.298033456994408,1.6062126620956017,0.7834339571612823,-6.1491712671298036,-6.381255178949735,1.8780489919648327,False,False,0.4024390243902439,0.24705882352941178,False,True,58,False,6.995678626217357,True,3,4
CCCc1ccc(C[C@@H](N)C(=O)N2Cc3cc(C(C)=O)c(C(F)NC)cc3C2)c(CC#N)c1,7.080606643372438,83.06027346385682,Tier 1 (<150 nM),-7.150485660336372,alpha-amino-amide,True,False,3.852105639845125,450.55800000000016,3.507480000000002,2,5,99.22,9,2.740555651827881,5.118058538747007,6.492627816876719,1.9625481046254318,0.5879788264957195,-6.004557190289841,-6.889452729567206,0.2610329307691659,False,False,0.4358974358974359,0.24705882352941178,False,True,58,False,6.995678626217357,True,1,33
CCC(=O)NC(=O)c1ccc2c(c1)CN(C(=O)[C@H](N)Cc1ccc(CCNCNC)cc1Cl)C2,7.076498730273224,83.84965300919129,Tier 1 (<150 nM),-8.920941207961086,alpha-amino-amide,True,True,3.2050673212371112,486.0160000000003,1.7276000000000002,4,6,116.56,10,2.1978491059674217,5.755859735800562,6.63034693094037,1.3206389944726622,0.44615179933285365,-5.968236380029054,-5.877002235196852,2.952704827932032,False,False,0.6176470588235294,0.35443037974683544,False,False,58,False,6.995678626217357,True,8,3
CCCCC(CC(N)=O)c1ccc2c(c1F)CN(C(=O)[C@H](N)Cc1ccc(NC)cc1C)C2,7.075967682328852,83.9522456576806,Tier 1 (<150 nM),-7.05709619771418,alpha-amino-amide,False,False,3.612690424291449,454.59000000000026,3.7372200000000024,3,4,101.45,10,3.6866604233164706,6.035417925400247,6.016874780262897,1.0405497569286055,1.0590929020659559,-5.347687049557688,-6.737562687310475,0.3195335104037049,False,False,0.3950617283950617,0.25,False,True,58,False,6.995678626217357,True,10,6
CCNCCC(CNC)c1ccc2c(c1)CN(C(=O)[C@H](N)Cc1ccc(Cl)cc1C)C2,7.072221694405586,84.67950401310897,Tier 1 (<150 nM),-7.279191740003403,alpha-amino-amide,True,False,3.4147824700842637,443.0350000000002,3.363220000000002,3,4,70.39,10,3.0168236498354806,5.525084316727952,5.880046631945805,1.5471373776776343,1.192175062459781,-5.784224648604124,-6.652085562688247,0.6271061773151567,True,False,0.5277777777777778,0.25882352941176473,False,True,58,False,6.995678626217357,True,9,11
CCCc1ccc(C[C@@H](N)C(=O)N2Cc3ccc(C(=O)NC(=O)CC)cc3C2)c(Cl)c1,7.071376106956084,84.84453875755509,Tier 1 (<150 nM),-8.933403873673342,alpha-amino-amide,False,True,2.8911781519815065,441.9590000000002,3.371100000000002,2,4,92.5,7,2.7041494545575038,5.7593542250345156,6.339328480701043,1.3120218819215683,0.7320476262550413,-5.786236724810404,-6.035237025981144,2.898166847692198,False,False,0.6507936507936508,0.3835616438356164,False,False,58,False,6.995678626217357,True,1,33
CNC(=O)c1cc2c(cc1C)CN(C(=O)[C@H](N)Cc1ccc(CCC(C)CC#N)cc1CC#N)C2,7.069787598700432,85.1554407850354,Tier 1 (<150 nM),-8.472356452426682,alpha-amino-amide,False,False,3.7397780681347133,471.6050000000003,3.3152800000000013,2,5,123.00999999999999,9,2.2856011881365483,5.640089290067463,6.056074188314986,1.429698308632969,1.0137134103854466,-6.489861249380918,-6.710239704429638,1.7621167479970445,False,False,0.45454545454545453,0.2804878048780488,False,True,58,False,6.995678626217357,True,1,33
CCCCc1ccc(C[C@@H](N)C(=O)N2Cc3cc(C(=O)NC)c(-c4ccoc4)cc3C2)c(CNC)c1,7.069529332622665,85.20609605059565,Tier 1 (<150 nM),-7.721205177548389,alpha-amino-amide,False,False,3.365510859115693,488.63200000000023,3.780400000000003,3,5,100.60000000000001,10,2.4662191188735747,5.696473170301487,6.186367842085591,1.3730561623211779,0.8831614905370735,-4.799656116675711,-5.743887349933533,1.977317827614856,False,False,0.45569620253164556,0.24175824175824176,False,True,58,False,6.995678626217357,True,1,33
OCCN1CCN(c2cocc2C(CCN2CCOCC2)Cn2cccc(O)c2=S)CC1,7.040826017352932,91.02778658764774,Tier 1 (<150 nM),-7.302997547995732,3-HPT,True,False,3.641923870387256,462.61600000000027,2.13659,2,8,77.48,9,1.6349258311273211,5.80092771762194,6.1421161232676305,1.2398982997309913,0.8987098940853011,-6.2000928966630005,-6.041603250607813,1.1029046513327314,False,False,0.3,0.25,True,True,28,False,6.247789037426088,True,0,33
NON1CCN(c2cocc2C(CCN2CCN(CO)CC2)Cn2cccc(O)c2=S)CC1,7.024199227325549,94.58031860939997,Tier 1 (<150 nM),-7.033700412646638,3-HPT,True,False,4.092497800528005,478.6190000000003,1.18479,3,10,106.74000000000002,9,1.803203684542025,6.353940178770736,6.001526713368885,0.6702590485548132,1.022672513956664,-5.940705410209432,-6.434793714830271,0.5989066978163669,False,False,0.30158730158730157,0.23170731707317074,True,True,28,False,6.247789037426088,True,0,33
N#CCCN1CCN(c2cocc2C(CCN2CCOCC2)Cn2cccc(O)c2=S)CC1,7.014346988358776,96.75045400565733,Tier 1 (<150 nM),-7.470332867243329,3-HPT,True,False,3.7250234432405556,471.62700000000035,3.057970000000001,1,8,81.04,9,1.7275053426721092,5.901328143888358,6.092812325232968,1.1130188444704183,0.9215346631258079,-6.430086679424106,-6.547309327703155,0.923023539540174,False,False,0.3142857142857143,0.30952380952380953,True,True,28,False,6.247789037426088,True,0,33
NCCN1CCN(c2cocc2C(CCN2CCOCC2)Cn2cccc(O)c2=S)CC1,6.966287102114167,108.0719276387156,Tier 1 (<150 nM),-7.286000860407033,3-HPT,True,False,3.6763055081043783,461.63200000000023,2.1029899999999997,2,8,83.27,9,1.6349258311273211,5.888347149211613,6.181317960292686,1.077939952902554,0.784969141821481,-6.3907939812586045,-6.041603250607813,0.8952068791484287,False,False,0.2903225806451613,0.24705882352941178,True,True,28,False,6.247789037426088,True,0,33
CNC(Cc1cc(CCc2ccc(C=CC(=O)Nc3ccccc3N)cc2)ccc1F)NC(=O)O,6.910298438968232,122.94236437522056,Tier 1 (<150 nM),-9.224658162481,Ortho-aminoanilide,True,False,3.0863066441981974,476.55200000000013,4.200600000000001,5,4,116.48,10,3.4378092668794866,5.950795760252326,6.407452702317366,0.9595026787159053,0.5028457366508654,-6.093371863586275,-6.155029933760742,3.0696282287202568,False,False,0.4230769230769231,0.32098765432098764,False,True,281,False,6.823908740944319,True,7,14
COc1cc(C#N)ccc1CCC(Cn1cccc(O)c1=S)c1cocc1N1CCN(ON)CC1,6.9053822915598015,124.3419598792568,Tier 1 (<150 nM),-7.708517349366223,3-HPT,True,False,4.027388518324072,495.6050000000003,3.740370000000002,2,9,113.04999999999998,9,1.6866031249330904,6.324813646645837,6.239456749236026,0.5805686449139644,0.6659255423237758,-6.6240131308777075,-6.307226973702352,1.0845042184885152,False,False,0.3466666666666667,0.2604166666666667,True,True,28,False,6.247789037426088,True,0,33
CCCC(N)C(CC)OCc1[nH]c(=S)[nH]c1Nc1ccoc1,6.901831348666338,125.36279068262616,Tier 1 (<150 nM),-7.049705659888506,Cyclic-thione,True,False,4.324857997716711,324.45000000000005,3.8314900000000014,4,5,92.0,9,1.8824682036544658,5.757128149064682,5.780851700176951,1.144703199601656,1.1209796484893868,-6.638539759543876,-6.749643002744913,0.30006265714359337,True,False,0.2,0.2087912087912088,True,True,51,False,7.2441251443275085,False,24,2
CCCC(Cn1cccc(O)c1=S)c1cocc1N1CCN(O)C(N2CCOCC2)C1,6.89928467561169,126.10006905109269,Tier 1 (<150 nM),-7.3357820766226896,3-HPT,True,False,4.365467100370678,448.58900000000034,3.2695900000000018,2,8,77.48,7,2.4777661729176015,5.825798367914702,6.160954650099548,1.0734863076969878,0.7383300255121421,-6.82399974047948,-6.064706975216388,0.5117823361432094,False,False,0.273972602739726,0.2235294117647059,True,True,28,False,6.247789037426088,True,5,1
NCCC(Cn1cccc(O)c1=S)c1cocc1N1CCN(CCN2CCOCC2)CC1,6.886895961082634,129.74900584771405,Tier 1 (<150 nM),-7.078935139330784,3-HPT,True,False,3.6659387587247263,461.63200000000046,2.1029899999999992,2,8,83.26999999999998,9,3.2685324442005657,5.945989719291353,6.217469215519848,0.9409062417912812,0.6694267455627863,-5.98764299690603,-6.018543533666331,1.060391605664453,False,False,0.3,0.25301204819277107,True,True,28,False,6.247789037426088,True,0,33
CNc1[nH]c(=S)[nH]c1CC(COC)c1ccnc(-c2ccccc2)c1,6.88634283789312,129.91436117265653,Tier 1 (<150 nM),-7.540196002967467,Cyclic-thione,True,False,3.414871614788309,354.47900000000004,4.148690000000003,3,4,65.73,7,1.8940656500506414,5.377959761976604,6.226703557948682,1.508383075916516,0.6596392799444386,-6.921623035702181,-6.703920820422276,0.618572967265286,False,False,0.2602739726027397,0.2875,True,True,51,False,7.2441251443275085,False,47,1
CCOCc1[nH]c(=S)[nH]c1Nc1ccoc1,6.851690135098852,140.7051083375171,Tier 1 (<150 nM),-7.346466490993355,Cyclic-thione,True,False,3.5404802479235826,239.30000000000004,2.9453900000000006,3,4,65.98,5,1.148145675193789,5.316109567441062,5.974584899303239,1.5355805676577896,0.8771052357956126,-6.832607814018627,-6.973565676000796,0.3729008149925592,True,False,0.23333333333333334,0.22950819672131148,True,True,51,False,7.2441251443275085,False,24,2
N#CCc1cc(C#N)ccc1CC(Cn1cccc(O)c1=S)c1cocc1N1CCNCC1,6.795189343772122,160.2546559877959,Tier 2 (150-300 nM),-7.4026761347207515,3-HPT,True,False,3.9670429017425803,459.5750000000003,3.890050000000003,2,7,101.14999999999999,7,1.0300451709931282,5.577761919722672,6.1463139915721845,1.2174274240494496,0.6488753521999371,-6.762759839029074,-6.722881302928129,0.6399162956916777,False,False,0.36764705882352944,0.2222222222222222,False,True,28,False,6.247789037426088,True,0,33
CC(O)(Cc1ccc(C#N)cc1N1CCOC(CNc2ccoc2)C1)n1cccc(O)c1=S,6.772032874622862,169.0312975827249,Tier 2 (150-300 nM),-7.043928727724025,3-HPT,True,False,4.2245120462047225,466.5630000000001,3.6128700000000022,3,8,106.82000000000001,7,1.598239583553365,5.747661178312468,5.865394351619495,1.0243716963103946,0.9066385230033678,-6.269821308581388,-5.999919770005166,0.7741074191426369,True,False,0.2823529411764706,0.2403846153846154,True,True,28,False,6.247789037426088,True,46,1
CC(C)COCc1[nH]c(=S)[nH]c1Cc1ccncc1-c1ccoc1,6.768273313331003,170.50090427258408,Tier 2 (150-300 nM),-7.293398766174316,Cyclic-thione,True,False,3.2276274528194495,343.45200000000006,4.490690000000003,2,4,66.84,7,1.5014171179994382,5.260483019412455,6.632499636480932,1.5077902939185472,0.13577367685007058,-6.754145685432508,-6.9496774368329985,0.34372132934131727,False,False,0.2235294117647059,0.21794871794871795,True,True,51,False,7.2441251443275085,False,45,1
CCC(F)CN1CCC(CNC(=O)c2ccc(/C=C/C(=O)Nc3ccccc3N)cc2)CC1O,6.743768303916717,180.39799073646788,Tier 2 (150-300 nM),-7.424074171817902,Ortho-aminoanilide,True,False,3.678993484261733,468.5730000000002,3.4290000000000016,4,5,107.69000000000001,9,5.085140651063787,6.2600587192425605,6.9233292036846885,0.48370958467415637,-0.17956089976797163,-5.144225851852553,-6.424370113494254,0.9997040583236485,False,False,0.6052631578947368,0.26595744680851063,False,True,281,False,6.823908740944319,False,2,27
NCC(F)CN1CCC(CNC(=O)c2ccc(/C=C/C(=O)Nc3ccccc3N)cc2)CC1N,6.741811772417884,181.21253157233238,Tier 2 (150-300 nM),-7.388029614057689,Ortho-aminoanilide,True,False,3.7337607919540403,468.5770000000002,1.9440999999999995,5,6,139.5,9,5.085140651063787,6.628351407761875,6.808338791647843,0.1134603646560084,-0.06652701922995963,-6.5169397281211054,-6.355749657549306,0.8710898859365832,False,False,0.6216216216216216,0.26,False,True,281,False,6.823908740944319,False,2,27
N#Cc1ccc(CCC(Cn2cccc(O)c2=S)c2cocc2N2CCN(ON)CC2)cc1,6.73935162508488,182.241958886765,Tier 2 (150-300 nM),-7.561121342351648,3-HPT,True,False,3.9402717276535117,465.5790000000003,3.731770000000002,2,8,103.82,8,1.6699083686671328,6.476402298773423,6.253471083828414,0.26294932631145684,0.4858805412564662,-6.256626161983967,-6.525563155629964,1.0355581867216843,False,False,0.4461538461538462,0.26744186046511625,False,True,28,False,6.247789037426088,True,0,33
N#CCN1CCN(c2cocc2C(CCC(Cl)C#N)Cn2cccc(O)c2=S)CC1,6.716207130515265,192.21747566176592,Tier 2 (150-300 nM),-7.237499562964887,3-HPT,True,False,4.337714684069488,445.9760000000002,3.8567500000000026,1,7,92.36,8,1.4766887280243344,5.888596141913418,6.431977220604782,0.8276109886018475,0.2842299099104828,-6.528782029815761,-6.805897905611495,0.43160165735339184,False,False,0.3382352941176471,0.2247191011235955,True,True,28,False,6.247789037426088,True,0,33
CNCC(c1cc(CCc2ccc(C=CC(=O)Nc3ccccc3N)cc2)ccc1C)C(N)O,6.70697995821371,196.34508839164397,Tier 2 (150-300 nM),-7.8613683595599655,Ortho-aminoanilide,True,False,3.3677489835733176,458.60600000000017,3.5944200000000017,5,5,113.4,10,4.568048839071052,6.191746105054189,6.206062473191368,0.5152338531595211,0.5009174850223417,-5.877847415116642,-6.322903689922132,1.5384646696378335,False,False,0.4050632911392405,0.3333333333333333,False,True,281,False,6.823908740944319,False,11,4
N#Cc1ccc(CCC(Cn2cccc(O)c2=S)c2cocc2N2CCN(O)C(O)C2)cc1,6.697999195846954,200.44757389107733,Tier 2 (150-300 nM),-7.738654125228364,3-HPT,True,False,4.251391260607342,466.5630000000002,3.634070000000002,3,8,109.03,7,1.5934349799361633,6.332744431367899,6.153949388073627,0.36525476447905536,0.5440498077733267,-6.753961303937648,-6.593824390881275,0.9846928212907162,False,False,0.417910447761194,0.23595505617977527,False,True,28,False,6.247789037426088,True,0,33
N#Cc1ccc(CCC(Cn2cccc(O)c2=S)c2cocc2N2CCN(O)C(CO)C2)cc1,6.69657422528616,201.1063457896535,Tier 2 (150-300 nM),-7.41923965855718,3-HPT,True,False,4.179824479211701,480.59000000000026,3.6765700000000017,3,8,109.03,8,1.4733843701739502,6.307799908869637,6.144802125986559,0.3887743164165238,0.5517720992996011,-6.630498443340691,-6.602827582319987,0.788741215216489,False,False,0.4117647058823529,0.23333333333333334,False,True,28,False,6.247789037426088,True,0,33
NCC(=O)N1CCN(CCC(Cn2cccc(O)c2=S)c2cocc2N2CCNCC2)CC1,6.683987080826636,207.02029312284947,Tier 2 (150-300 nM),-7.328126296688738,3-HPT,True,False,3.7662663835239556,474.63100000000037,1.2025900000000005,3,8,103.14,8,1.837148676999875,6.239038716111267,5.911680663260551,0.44494836471536914,0.7723064175660852,-6.235882560524329,-6.763850580817085,0.5642757158716529,False,False,0.2702702702702703,0.25,True,True,28,False,6.247789037426088,True,0,33
CNC(Cc1cc(CCc2ccc(C=CC(=O)Nc3ccccc3N)cc2)ccc1F)NC,6.68324274586753,207.37540830946597,Tier 2 (150-300 nM),-9.474603331786126,Ortho-aminoanilide,True,False,2.5963428457254523,446.5700000000001,4.152400000000002,4,4,79.18,10,3.8821761990236996,5.791832736130484,6.455165295598713,0.8914100097370463,0.22807745026881765,-5.28367531690751,-6.504473932468466,2.97012939931766,False,False,0.4520547945205479,0.34210526315789475,False,True,281,False,6.823908740944319,False,7,14
CCCC(Cn1cccc(O)c1=S)c1cocc1N1CCN(CC(C)CC#N)CC1,6.676081876109879,210.82306546758159,Tier 2 (150-300 nM),-7.3950102665977635,3-HPT,True,False,4.112007715743697,428.6020000000003,4.771870000000004,1,6,68.57,9,2.7021559423874257,5.909073370085338,6.363049595982228,0.7670085060245411,0.3130322801276506,-6.690629996350901,-6.991987933800173,0.40302233279759037,False,False,0.3333333333333333,0.24175824175824176,True,True,28,False,6.247789037426088,True,0,33
N#CCN1CCN(c2cocc2C(CCc2ccc(C#N)cc2)Cn2cccc(O)c2=S)CC1O,6.675351267870257,211.1780289967982,Tier 2 (150-300 nM),-7.5519775368009,3-HPT,True,False,4.281463030862707,489.60100000000017,3.7684500000000036,2,8,112.59,8,1.9311055457070407,6.085175261485539,6.26478316661168,0.5901760063847181,0.41056810125857623,-6.413909250265041,-6.753039321852453,0.7989382149484463,False,False,0.4,0.22826086956521738,False,True,28,False,6.247789037426088,True,0,33
N#CCN1CCN(c2cocc2C(CCn2cccc(O)c2=S)Cn2cccc(O)c2=S)CC1,6.675225232495575,211.23932326958976,Tier 2 (150-300 nM),-7.161697743488152,3-HPT,True,False,4.029109064214699,497.64600000000024,4.272460000000004,2,8,93.73,8,1.7238174687509726,5.990948284497888,6.190123458643679,0.6842769479976871,0.4851017738518957,-6.556664467243167,-6.694735703491941,0.46696203999621133,False,False,0.3384615384615385,0.25,True,True,28,False,6.247789037426088,True,0,33
NON1CCN(c2cocc2C(CCCCCO)Cn2cccc(O)c2=S)CC1,6.671613911019645,213.00318086168892,Tier 2 (150-300 nM),-7.189281985401004,3-HPT,True,False,4.031732403932707,422.55100000000016,2.7799900000000006,3,8,100.26,10,1.5018469550158307,6.316540152418685,6.00880543522523,0.3550737586009607,0.6628084757944155,-6.4419931486552855,-6.978566977124624,0.21071500827638,False,False,0.31666666666666665,0.21839080459770116,True,True,28,False,6.247789037426088,True,4,1
COC1CC(CNC(=O)c2ccc(/C=C/C(=O)Nc3ccccc3N)cc2)CCN1c1ccccc1,6.668992578286025,214.2927221564659,Tier 2 (150-300 nM),-7.023203788177965,Ortho-aminoanilide,True,False,3.23031834380887,484.60000000000025,4.539600000000003,3,5,96.68999999999998,8,4.3609686917969395,6.168878715578706,6.260204229373273,0.5001138627073187,0.4087883489127515,-5.1418540563017165,-6.752634319317127,0.2705694688608382,False,False,0.6956521739130435,0.2967032967032967,False,True,281,False,6.823908740944319,False,2,27
CNCCN1CCC(CNC(=O)c2ccc(/C=C/C(=O)Nc3ccccc3N)cc2)CC1O,6.6682898963104105,214.63972522274435,Tier 2 (150-300 nM),-7.5435038378191726,Ortho-aminoanilide,True,False,3.3098292311474395,451.5710000000002,1.9003,5,6,119.72,9,4.944826269509001,6.298048283947406,6.241726558327899,0.3702416123630048,0.4265633379825111,-6.465274070760149,-6.615482919736541,0.9280209180826313,False,False,0.6301369863013698,0.2727272727272727,False,True,281,False,6.823908740944319,False,2,27
O=C1NC(=O)C(C(OO)C2CC2)C(=O)N1,6.667632641276441,214.96480382402325,Tier 2 (150-300 nM),-8.200754875921147,Acylurea,True,True,3.7019381128001996,214.17699999999996,-0.7631999999999999,3,5,104.73000000000002,3,1.561686427291857,4.618909520125893,4.905135625642579,2.048723121150548,1.762497015633862,-6.749006245034864,-6.869016981605422,1.331737894315725,True,False,0.2,0.28205128205128205,True,True,24,False,6.0,True,44,1
CNC(Cc1cc(CCc2ccc(C=CC(=O)Nc3ccccc3N)cc2)ccc1F)NO,6.662326179403992,217.60748047782766,Tier 2 (150-300 nM),-7.801703427873187,Ortho-aminoanilide,True,False,3.0871760312110954,448.5420000000001,3.9118000000000013,5,5,99.41000000000001,10,3.8821761990236996,5.852477343170457,6.463004390895689,0.8098488362335354,0.1993217885083034,-5.347674093672354,-6.554054198013308,1.2476492298598796,False,False,0.4594594594594595,0.3333333333333333,False,True,281,False,6.823908740944319,False,7,14
CNC(C#N)CN1CCC(CNC(=O)c2ccc(/C=C/C(=O)Nc3ccccc3N)cc2)CC1F,6.658352673251226,219.6075802804888,Tier 2 (150-300 nM),-7.8700033915745875,Ortho-aminoanilide,True,False,3.777485239593079,478.5720000000002,2.769680000000001,4,6,123.27999999999999,9,5.0260444057368,6.2016305992211525,6.680551945179422,0.4567220740300737,-0.02219927192819604,-6.21025504439052,-6.665497778386167,1.2045056131884202,False,False,0.575,0.25,False,True,281,False,6.823908740944319,False,2,27
N#Cc1ccc(CCCC(Cn2cccc(O)c2=S)c2cocc2N2CCN(O)C(O)C2)cc1,6.6509288773690525,223.39380357707216,Tier 2 (150-300 nM),-7.594363194695374,3-HPT,True,False,4.240357865413127,480.59000000000026,4.024170000000003,3,8,109.03,8,1.985653793663096,6.357141276706468,6.358417508714208,0.2937876006625846,0.2925113686548446,-6.187688989579461,-6.73871467485201,0.8556485198433643,False,False,0.4057971014492754,0.24444444444444444,False,True,28,False,6.247789037426088,True,0,33
CC(F)C(F)CN1CCC(CNC(=O)c2ccc(/C=C/C(=O)Nc3ccccc3N)cc2)CC1O,6.64164146953491,228.22253786107126,Tier 2 (150-300 nM),-7.479947586120925,Ortho-aminoanilide,True,False,3.916140505213769,486.5630000000002,3.377000000000002,4,5,107.69000000000001,9,4.9473944126174425,6.475244677880053,6.7749687765577455,0.166396791654857,-0.13332730702283513,-5.628578470444857,-6.6749830168323125,0.8049645692886127,False,False,0.6052631578947368,0.25510204081632654,False,True,281,False,6.823908740944319,False,2,27
COCCCC(Cn1cccc(O)c1=S)c1cocc1N1CCN(CC#N)CC1,6.629226983232092,234.84051103266788,Tier 2 (150-300 nM),-7.759461707367084,3-HPT,True,False,3.773313126824272,416.5470000000003,3.3721700000000023,1,7,77.80000000000001,9,1.8161954889628924,5.965300059148207,6.4488638540556416,0.663926924083885,0.1803631291764507,-6.214016754680706,-6.765491372819581,0.9939703345475026,False,False,0.30985915492957744,0.2696629213483146,True,True,28,False,6.247789037426088,True,0,33
COCC(F)CN1CCC(CNC(=O)c2ccc(/C=C/C(=O)Nc3ccccc3N)cc2)CC1O,6.625980231187193,236.60273951196996,Tier 2 (150-300 nM),-7.525046717281786,Ortho-aminoanilide,True,False,3.721057267565109,484.5720000000002,2.6654000000000004,4,6,116.92,10,5.228040510724291,6.402635127562391,6.876774885767817,0.2233451036248022,-0.25079465458062344,-5.854925941605459,-6.581125915087926,0.9439208021938592,False,False,0.6025641025641025,0.2857142857142857,False,True,281,False,6.823908740944319,False,2,27
CCC(COCC1C(=O)NC(=O)NC1=O)C(O)Cc1coc(C)c1,6.6166318913418305,241.7509050605842,Tier 2 (150-300 nM),-7.07380636137261,Acylurea,True,True,4.049743352482977,338.3600000000001,0.5164200000000003,3,6,117.87,8,1.8179967029326363,5.829081302890424,5.983372023895215,0.7875505884514062,0.6332598674466157,-6.847809402734843,-6.722772353775717,0.2259969586377677,False,False,0.2,0.273972602739726,True,True,24,False,6.0,True,43,1
CNC(=O)C(CCO)c1cc(CCc2ccc(C=CC(=O)Nc3ccccc3N)cc2)ccc1C,6.611180909256005,244.8043275070291,Tier 2 (150-300 nM),-9.946281872019696,Ortho-aminoanilide,True,False,3.0102562945478475,471.60100000000017,4.226320000000003,4,4,104.45,10,4.7278630212524,5.8026552609831406,6.2546231862249035,0.8085256482728642,0.3565577230311012,-4.838058720879677,-6.633258138632496,3.3130237333872,False,False,0.3974358974358974,0.32098765432098764,False,True,281,False,6.823908740944319,False,7,14
COCCCN1CCC(CNC(=O)c2ccc(/C=C/C(=O)Nc3ccccc3N)cc2)CC1N,6.595209384431138,253.97479331604882,Tier 2 (150-300 nM),-7.13903357972319,Ortho-aminoanilide,True,False,3.2934936306787908,465.59800000000024,2.6837999999999997,4,6,122.71,10,5.11892509789459,6.551257617988763,6.267400429971041,0.043951766442375195,0.32780895446009684,-5.62811797373811,-6.283789942967471,0.855243636755719,False,False,0.6438356164383562,0.3253012048192771,False,True,281,False,6.823908740944319,False,2,27
CNCC(O)(C(N)=O)c1cc(CCc2ccc(C=CC(=O)Nc3ccccc3N)cc2)ccc1C,6.590530405861082,256.7258462702824,Tier 2 (150-300 nM),-7.76180858893198,Ortho-aminoanilide,True,False,3.1376825968170055,472.58900000000017,2.906620000000001,5,5,130.47,10,5.045717688758906,5.988594113487991,6.410307815390926,0.6019362923730904,0.18022259047015599,-6.753866596089609,-6.452059525381581,1.0079419928423707,False,False,0.44594594594594594,0.35526315789473684,False,False,281,False,6.823908740944319,False,11,4
Nc1ccc(CCC(Cn2cccc(O)c2=S)c2cocc2N2CCN(CO)CC2)cc1,6.579319262890272,263.4394051791238,Tier 2 (150-300 nM),-7.013393470496361,3-HPT,True,False,3.6767086260243262,454.59600000000034,3.5867900000000024,3,7,91.02999999999999,8,1.6307159338723516,6.109605098672217,6.234631725257091,0.4697141642180549,0.34468753763318105,-6.527511318629553,-6.525288208660568,0.48588215186680817,False,False,0.3076923076923077,0.2087912087912088,True,True,28,False,6.247789037426088,True,0,33
CNC(NC(C)OC)c1cc(-c2ccc(/C=C/C(=O)Nc3ccccc3N)cc2)ccc1C,6.577626080858979,264.46847997788797,Tier 2 (150-300 nM),-7.410798350200409,Ortho-aminoanilide,True,False,3.4389657603697605,444.5790000000002,4.696120000000003,4,5,88.41,9,4.225590033529889,5.975767132461111,5.962067746674724,0.6018589483978678,0.6155583341842545,-5.3086153877554425,-6.740331959957448,0.6704663902429608,False,False,0.4375,0.27710843373493976,False,True,281,False,6.823908740944319,False,12,7
CNC(=O)C(CCO)c1c(C)ccc(CCc2ccc(C=CC(=O)Nc3ccccc3N)cc2)c1C#N,6.570046355783411,269.1247529851173,Tier 2 (150-300 nM),-7.536029333097865,Ortho-aminoanilide,True,False,3.265765252225444,496.61100000000016,4.0980000000000025,4,5,128.24,10,3.7936158048819655,5.520201853571639,6.296582982131037,1.049844502211772,0.2734633736523744,-6.9053461100392255,-6.826897901597912,0.6306832230586394,False,False,0.3617021276595745,0.2777777777777778,False,True,281,False,6.823908740944319,False,11,4
CC(=O)c1c(OCl)cc(Cc2ccc(C=CC(=O)Nc3ccccc3N)cc2)cc1S(C)(=O)=O,6.568454507178747,270.11300398271663,Tier 2 (150-300 nM),-7.389676353635862,Ortho-aminoanilide,True,False,2.7254480318665504,498.9880000000002,4.650200000000003,2,6,115.56,8,2.816315695241282,5.828497736353331,6.22939619246465,0.7399567708254162,0.3390583147140971,-5.7064943738305205,-5.958127525282459,1.431548828353403,False,False,0.4788732394366197,0.3048780487804878,False,True,281,False,6.823908740944319,False,14,5
CN1CCN(c2cocc2C(CCc2ccc(C#N)cc2)Cn2cccc(O)c2=S)CC1N,6.566490829847595,271.3370944525892,Tier 2 (150-300 nM),-7.423382952429972,3-HPT,True,False,4.122968183684264,463.60700000000014,3.841070000000003,2,7,94.58999999999999,7,1.7275978273600183,6.502766000033602,6.0896975401693245,0.06372482981399319,0.4767932896782705,-6.998242943862552,-6.604104832850621,0.4251400085674204,False,False,0.4057971014492754,0.28735632183908044,False,True,28,False,6.247789037426088,True,0,33
COCC(F)CN1CCC(CNC(=O)c2ccc(/C=C/C(=O)Nc3ccccc3N)cc2)CC1N,6.563040617231149,273.5012923270631,Tier 2 (150-300 nM),-7.374955798311751,Ortho-aminoanilide,True,False,3.732999924907766,483.5880000000002,2.6317999999999993,4,6,122.71,10,5.228040510724291,6.761491703388219,6.637828586496645,-0.1984510861570703,-0.07478796926549602,-5.8881413387569905,-6.388984916018085,0.9859708822936657,False,False,0.6025641025641025,0.27956989247311825,False,True,281,False,6.823908740944319,False,2,27
N#CC1CC(CNC(=O)c2ccc(/C=C/C(=O)Nc3ccccc3N)cc2)CCN1c1ccccc1,6.561981162124033,274.16930925139263,Tier 2 (150-300 nM),-7.204132261544633,Ortho-aminoanilide,True,False,3.2599038467674504,479.58400000000023,4.459280000000003,3,5,111.25,7,4.480239468060633,6.494555378262404,6.295005976622307,0.06742578386162901,0.2669751855017255,-5.469540725660178,-5.96902564922,1.2351066123246328,False,False,0.6619718309859155,0.26373626373626374,False,True,281,False,6.823908740944319,False,2,27
CNCC(c1cc(CCc2ccc(C=CC(=O)Nc3ccccc3N)cc2)ccc1C)C(O)O,6.561722734540084,274.3325026602057,Tier 2 (150-300 nM),-7.4490479432166286,Ortho-aminoanilide,True,False,3.097048586419297,459.59000000000015,3.628020000000002,5,5,107.61000000000001,10,4.568048839071052,6.03282898061693,6.347278035477534,0.5288937539231542,0.21444469906255037,-5.063716045397469,-6.4350140419121,1.0140339013045283,False,False,0.4,0.3291139240506329,False,True,281,False,6.823908740944319,False,11,4
NCCC(CC(=O)O)c1c(N2CCNC(c3ccncc3)C2)ccc(=S)n1OOCO,6.55951032527601,275.7335896384198,Tier 2 (150-300 nM),-7.153580891118873,Carboxylate,True,False,4.313718797549903,449.5330000000002,0.9805900000000007,4,9,135.1,10,1.8788162812705596,5.708813795835627,5.623456464715021,0.8506965294403832,0.9360538605609889,-6.892087897136638,-6.977849382498089,0.17573150862078357,True,False,0.20408163265306123,0.23232323232323232,True,True,126,False,6.97061622231479,False,42,1
N#Cc1ccc(CCC(Cn2cccc(O)c2=S)c2cocc2N2CCN(CO)CC2)cc1,6.556192979321164,277.84783729163155,Tier 2 (150-300 nM),-7.887234581009408,3-HPT,True,False,3.6981112418235513,464.5910000000003,3.8762700000000025,2,7,88.8,8,1.6699083686671328,6.35303441467399,6.102307348547793,0.20315856464717363,0.45388563077337096,-6.669724131091972,-6.549931816454436,1.2175104499174356,False,False,0.4375,0.2441860465116279,False,True,28,False,6.247789037426088,True,0,33
Nc1ccccc1NC(=O)/C=C/c1ccc(C(=O)NCC2CCN(Cc3ccccc3)C(O)C2)cc1,6.556123379087029,277.89236888251867,Tier 2 (150-300 nM),-7.166679845740504,Ortho-aminoanilide,True,False,3.1581612432171546,484.6000000000003,3.8811000000000027,4,5,107.69,8,2.292800984328163,6.409287762518985,6.555443991546717,0.146835616568044,0.0006793875403117156,-5.001692938655322,-6.003096775632214,1.1635830701082899,False,False,0.7727272727272727,0.29411764705882354,False,True,281,False,6.823908740944319,False,2,27
Nc1ccccc1NC(=O)C=Cc1ccc(C(=O)NCC2CCN(Cc3ccccc3)C(O)C2)cc1,6.556123379087029,277.89236888251867,Tier 2 (150-300 nM),-7.166679845740504,Ortho-aminoanilide,True,False,3.1581612432171546,484.6000000000003,3.8811000000000027,4,5,107.69,8,2.292800984328164,6.409287762518985,6.555443991546717,0.146835616568044,0.0006793875403117156,-5.001692938655322,-6.003096775632214,1.1635830701082899,False,False,0.7727272727272727,0.29411764705882354,False,True,281,False,6.823908740944319,False,2,27
CNC1CC(CNC(=O)c2ccc(/C=C/C(=O)Nc3ccccc3N)cc2)CCN1c1ccccc1,6.547840899632434,283.2429444006035,Tier 2 (150-300 nM),-7.651531530033437,Ortho-aminoanilide,True,False,3.284092012447923,483.61600000000027,4.112600000000002,4,5,99.48999999999998,8,4.3609686917969395,6.262973346628244,6.3292270184183534,0.2848675530041902,0.21861388121408076,-5.428469083886356,-6.414481667808349,1.2370498622250876,False,False,0.6811594202898551,0.29411764705882354,False,True,281,False,6.823908740944319,False,2,27
CNCCCN1CCC(CNC(=O)c2ccc(/C=C/C(=O)Nc3ccccc3N)cc2)CC1C,6.539305031367197,288.8650295315017,Tier 2 (150-300 nM),-7.2896577358550365,Ortho-aminoanilide,True,False,3.20604160847419,463.6260000000002,3.360500000000001,4,5,99.49,10,5.11892509789459,6.383256365462882,6.308687321409801,0.156048665904315,0.2306177099573965,-5.182516432458153,-6.476153533378467,0.8135042024765697,False,False,0.6216216216216216,0.2696629213483146,False,True,281,False,6.823908740944319,False,2,27
CN(C#N)C(C#N)Cc1cc(CCc2ccc(C=CC(=O)Nc3ccccc3N)cc2)ccc1F,6.535808641750331,291.1999916914544,Tier 2 (150-300 nM),-7.321789360756093,Ortho-aminoanilide,True,False,3.2841961546877076,467.5480000000001,4.692560000000004,2,5,105.94,9,4.021880927135897,5.732696482891706,6.31461414494065,0.8031121588586254,0.22119449680968106,-5.393862663873802,-6.444674761396879,0.8771145993592144,False,False,0.4074074074074074,0.30952380952380953,False,True,281,False,6.823908740944319,False,7,14
CNCC(C(=O)NC)c1cc(CCc2ccc(C=CC(=O)Nc3ccccc3N)cc2)ccc1C,6.526109005264465,297.77689337955877,Tier 2 (150-300 nM),-9.835351452724202,Ortho-aminoanilide,True,False,3.0457304204219726,470.6170000000002,4.063320000000002,4,4,96.25,10,4.7278630212524,6.010534653040501,6.254555309199248,0.5155743522239646,0.27155369606521695,-4.685910240306226,-6.52510282005903,3.3102486326651723,False,False,0.41025641025641024,0.325,False,True,281,False,6.823908740944319,False,7,14
CNC(C#N)Cc1cc(CCc2ccc(C=CC(=O)Nc3ccccc3N)cc2)ccc1F,6.519645230520632,302.24196873329714,Tier 3 (300-500 nM),-10.149318200012107,Ortho-aminoanilide,True,False,2.9848721032241894,442.53800000000007,4.499080000000003,3,4,90.94,9,3.995463795725539,5.6243257312282005,6.548734388982067,0.8953194992924312,-0.029089158461435005,-5.79204918464075,-6.760461194721204,3.3888570052909035,False,False,0.4230769230769231,0.3375,False,True,281,False,6.823908740944319,False,7,14
CC(CO)Cc1cc(C#N)ccc1CC(Cn1cccc(O)c1=S)c1cocc1N1CCNCC1,6.516966417191507,304.1120178118252,Tier 3 (300-500 nM),-7.060870422350787,3-HPT,True,False,4.210536107785783,492.64500000000027,3.9948700000000024,3,7,97.58999999999999,9,1.088058546744566,5.603393543846311,6.057130267756586,0.9135728733451964,0.45983614943492146,-6.495807458583016,-6.010394651485063,0.5650629637677707,False,False,0.3472222222222222,0.22826086956521738,True,True,28,False,6.247789037426088,True,6,4
CCCC(C)CN1CCC(CNC(=O)c2ccc(/C=C/C(=O)Nc3ccccc3N)cc2)CC1O,6.515321950125612,305.26572857613064,Tier 3 (300-500 nM),-7.161443984930216,Ortho-aminoanilide,True,False,3.5635523724602125,478.6370000000002,4.117100000000003,4,5,107.69000000000001,10,5.052450414479904,6.5893339530990644,6.842966842288117,-0.07401200297345234,-0.32764489216250503,-4.873624276001704,-6.099953839641181,1.061490145289035,False,False,0.6052631578947368,0.25555555555555554,False,True,281,False,6.823908740944319,False,2,27
CCOCNC(C=CC(=O)C(F)(F)F)(NC)c1ccc(/C=C/C(=O)C(F)(F)F)cc1,6.505842148168348,312.0023404431231,Tier 3 (300-500 nM),-7.589129301840464,Trifluoromethyl-ketone,True,False,3.901332872888319,438.36800000000005,3.4746000000000015,2,5,67.43,10,2.1683536375713315,5.485198995169129,6.214833871193415,1.0206431529992193,0.29100827697493337,-6.197425308987842,-6.492261683645356,1.096867618195108,False,False,0.4098360655737705,0.2833333333333333,False,True,35,False,8.167491087293763,False,41,1
CC(=O)C(O)C(=O)OC1CC1c1conc1-c1ccc(/C=C/C(=O)C(F)(F)F)cc1,6.505089781183418,312.54331832368524,Tier 3 (300-500 nM),-7.108627224925941,Trifluoromethyl-ketone,True,True,4.164352970074094,423.3430000000001,2.8352000000000013,1,7,106.69999999999999,7,2.414160176130928,5.887640228240668,6.393417413049553,0.61744955294275,0.11167236813386516,-6.408182578405958,-6.622510494052419,0.4861167308735226,False,False,0.3108108108108108,0.2345679012345679,True,True,35,False,8.167491087293763,False,40,1
CC(C#N)CN1CCC(CNC(=O)c2ccc(/C=C/C(=O)Nc3ccccc3N)cc2)CC1F,6.500231861318595,316.05898326452876,Tier 3 (300-500 nM),-7.328339104218575,Ortho-aminoanilide,True,False,3.6853670419540414,463.5570000000002,3.8177800000000017,3,5,111.25,8,4.93769231787478,6.287083461644905,6.751788817857703,0.21314839967369004,-0.25155695653910737,-5.97609705250502,-6.5911213006108795,0.7372178036076953,False,False,0.5897435897435898,0.25252525252525254,False,True,281,False,6.823908740944319,False,2,27
CNC(c1ccc(/C=C/C(=O)Nc2ccccc2N)cc1)c1cc(O)c(OC)cc1C(C)=O,6.4998588176670316,316.3305834212112,Tier 3 (300-500 nM),-7.292179807613635,Ortho-aminoanilide,True,False,2.9602084975883827,445.51900000000023,4.146300000000002,4,6,113.68,8,3.3427549350569863,5.28728141405873,5.893230829691013,1.212577403608302,0.6066279879760188,-5.54927415566757,-6.278675097484408,1.0135047101292267,False,False,0.5,0.32098765432098764,False,True,281,False,6.823908740944319,False,12,7
N#Cc1ccc(CC(Cn2cccc(O)c2=S)c2cocc2N2CCNCC2)cc1,6.499056888207242,316.91523087892443,Tier 3 (300-500 nM),-7.281205955262134,3-HPT,True,False,3.6491341328352673,420.53800000000024,3.8239700000000028,2,6,77.36,6,1.0649884485215995,5.456355199978665,5.698543252037531,1.0427016882285773,0.8005136361697112,-6.892076021551171,-6.74366465475895,0.38912993371096327,True,False,0.4745762711864407,0.24096385542168675,False,True,28,False,6.247789037426088,True,0,33
N#Cc1ccc(CCc2ccc(CC(N)(C#N)n3cccc(O)c3=S)c(COCCO)c2)cc1,6.496584727615597,318.7243707551667,Tier 3 (300-500 nM),-7.440318818187384,3-HPT,True,False,3.663301471034682,474.58600000000024,3.466750000000001,3,7,128.22,10,2.3143125504430877,5.550057930879021,5.810003051186021,0.9465267967365758,0.6865816764295758,-6.7255625985368495,-6.33857781120014,0.7147562196505346,False,False,0.36764705882352944,0.27058823529411763,False,True,28,False,6.247789037426088,True,21,2
N#Cc1ccc(CCCCC(Cn2cccc(O)c2=S)c2cocc2N2CCN(ON)CC2)cc1,6.488397091698115,324.79019375034756,Tier 3 (300-500 nM),-7.615516404579297,3-HPT,True,False,3.9165898679051825,493.6330000000003,4.511970000000004,2,8,103.82,10,1.7797075440192573,6.5121681362776025,6.0346339225406815,-0.023771044579487643,0.4537631691574333,-6.0266463077023005,-6.717274295961675,0.8982421086176213,False,False,0.4264705882352941,0.2727272727272727,False,True,28,False,6.247789037426088,True,0,33
CC(C)COC(F)C(OCC1C(=O)NC(=O)NC1=O)c1ccoc1,6.487991909687418,325.09335337384607,Tier 3 (300-500 nM),-7.0299444922719205,Acylurea,True,True,4.183895800035424,342.3230000000001,1.2876999999999994,2,6,106.86999999999999,8,1.9076707078653055,5.751268300975369,6.396829617163242,0.7367236087120492,0.09116229252417618,-6.658641219457629,-6.31070791398271,0.3713032728142913,False,False,0.20430107526881722,0.29577464788732394,True,True,24,False,6.0,True,39,1
CC(O)COCC1C(=O)NC(=O)NC1=O,6.485416012525616,327.0272839720783,Tier 3 (300-500 nM),-8.44940144836359,Acylurea,True,True,3.3731958051078905,216.193,-1.6339999999999995,3,5,104.72999999999999,4,2.416783159665103,4.3316278500706815,4.653942109819947,2.1537881624549344,1.8314739027056692,-6.965958481928414,-6.853343875257605,1.4834429664351756,True,False,0.3488372093023256,0.2711864406779661,True,True,24,False,6.0,True,23,2
N#CCCOC(CCCOCC1C(=O)NC(=O)NC1=O)c1coc(F)c1,6.476711720651622,333.64781059740335,Tier 3 (300-500 nM),-7.503591816457838,Acylurea,True,True,3.931046153639077,367.3330000000001,1.16908,2,7,130.65999999999997,10,2.5413153905954844,6.353071631343419,6.288757365731647,0.12364008930820258,0.1879543549199747,-6.713352476327354,-6.245290230516097,0.7902393401304844,False,False,0.22093023255813954,0.2875,True,True,24,False,6.0,True,22,2
CC(C)COCC1C(=O)NC(=O)NC1=O,6.472868672468406,336.61334344385295,Tier 3 (300-500 nM),-8.12154783638242,Acylurea,True,True,2.7818923495731482,214.221,-0.35879999999999995,2,4,84.5,4,2.416783159665103,4.537938359051071,4.9574934797217125,1.9349303134173352,1.5153751927466939,-6.966034635879039,-6.965898700954702,1.155513200503382,True,False,0.21739130434782608,0.30357142857142855,True,True,24,False,6.0,True,23,2
N#CCC(CCCOCC1(Cl)C(=O)NC(=O)NC1=O)c1ccoc1,6.470820247876596,338.2047883632616,Tier 3 (300-500 nM),-7.285487944010485,Acylurea,True,True,4.0104130276074255,353.7620000000001,1.4172799999999997,2,6,121.42999999999999,8,3.184168871115862,6.36284440414117,6.300500208767338,0.10797584373542612,0.1703200391092583,-6.831067195872563,-6.772248475963831,0.4544207481379221,False,False,0.2,0.23376623376623376,True,True,24,False,6.0,True,15,4
CC1CC(CNC(=O)c2ccc(/C=C/C(=O)Nc3ccccc3N)cc2)CCN1CCCCN,6.470800321716713,338.2203061226862,Tier 3 (300-500 nM),-7.134502649646863,Ortho-aminoanilide,True,False,3.1848370089500033,463.6260000000004,3.4899000000000022,4,5,113.47999999999999,10,3.614452229522881,6.250334398431906,6.2761688374760425,0.22046592328480763,0.1946314842406709,-5.550217238618827,-6.322215540652139,0.8122871089947239,False,False,0.647887323943662,0.2692307692307692,False,True,281,False,6.823908740944319,False,2,27
CC(=O)c1c(O)cc(Cc2ccc(C=CC(=O)Nc3ccccc3N)cc2)cc1S(=O)(=O)F,6.470074632042233,338.78593191654596,Tier 3 (300-500 nM),-8.165444988743785,Ortho-aminoanilide,True,False,2.6426572753220423,468.50600000000014,4.077900000000001,3,6,126.55999999999997,7,2.7742709835285813,5.988088359413475,6.429633677609883,0.4819862726287578,0.040440954432350296,-6.046292467945968,-6.137095302596333,2.0283496861474513,False,False,0.4342105263157895,0.3246753246753247,False,True,281,False,6.823908740944319,False,14,5
Cc1cc(C(CCCOCC2C(=O)NC(=O)NC2=O)OCCC#N)co1,6.469729556256408,339.0552267935787,Tier 3 (300-500 nM),-7.115374477573865,Acylurea,True,True,3.833290410751827,363.3700000000002,1.3383999999999996,2,7,130.66000000000003,10,2.3709137390919883,6.187811618206686,6.344133648701572,0.2819179380497223,0.1255959075548363,-6.9306002797679,-6.480230242006764,0.18477419780596538,False,False,0.2,0.3246753246753247,True,True,24,False,6.0,True,22,2
CNC(c1ccc(/C=C/C(=O)Nc2ccccc2N)cc1)c1cc(O)c(OC)cc1C(C)N,6.4657779394930195,342.1543458326586,Tier 3 (300-500 nM),-7.095052725144821,Ortho-aminoanilide,True,False,3.309874990060127,446.5510000000002,3.963400000000002,5,6,122.63000000000001,8,3.3427549350569863,5.440867282512416,5.865071037611352,1.0249106569806035,0.6007069018816678,-5.333201407658892,-6.226054939466268,0.8689977856785536,False,False,0.4722222222222222,0.2857142857142857,False,True,281,False,6.823908740944319,False,12,7
O=C(/C=C/c1ccc(Cc2nocc2N2CCOCC2)cc1)C(F)(F)F,6.464704161002003,343.00135761063996,Tier 3 (300-500 nM),-7.045817595227494,Trifluoromethyl-ketone,True,False,2.812289780523953,366.339,3.2466000000000017,0,5,55.57000000000001,5,3.1525821271174963,5.757542726368749,6.3582852230567095,0.707161434633254,0.10641893794529356,-6.6985295336881965,-6.44703780578873,0.3472880615392979,False,False,0.36231884057971014,0.2962962962962963,False,True,35,False,8.167491087293763,False,18,3
CCc1cccc(C(NC)(C2CC2)C(F)(CO)Cc2[nH]c(=S)[nH]c2NC)c1,6.4562542610307725,349.74034891204315,Tier 3 (300-500 nM),-7.036449525212222,Cyclic-thione,True,False,4.370054975649445,392.544,3.444390000000001,5,4,75.86999999999999,9,1.8962916310220415,5.8207891109539585,6.038866773710425,0.635465150076814,0.41738748732034736,-6.989393275240101,-6.769571951751447,0.047056249972121655,False,False,0.2638888888888889,0.23595505617977527,True,True,51,False,7.2441251443275085,False,38,1
N#CCCc1ccc2c(C(CCCl)NC(=O)c3ccccc3O)c(CCCO)[nH]c2c1,6.452620490953021,352.6789255659802,Tier 3 (300-500 nM),-7.457151856072045,Salicylamide,True,False,3.3522114948014767,439.94300000000015,4.354580000000004,4,4,109.14000000000001,10,1.0901136249349666,6.630731803635849,5.838409028902589,-0.17811131268282843,0.6142114620504318,-5.817151635531252,-6.926445133236663,0.5307067228353821,False,False,0.26262626262626265,0.23809523809523808,True,True,41,False,3.443697499232713,True,37,1
CNC(C#N)CN1CCC(C(C)NC(=O)c2ccc(/C=C/C(=O)Nc3ccccc3N)cc2)CC1F,6.4396502203759995,363.37059466216397,Tier 3 (300-500 nM),-7.128176665883246,Ortho-aminoanilide,True,False,4.012609712572885,492.5990000000002,3.1581800000000007,4,6,123.27999999999999,9,3.437922782193427,6.150689320533497,6.867154473213461,0.2889608998425022,-0.4275042528374611,-6.020491074824279,-6.6407602762798685,0.48741638960337763,False,False,0.4431818181818182,0.25961538461538464,False,True,281,False,6.823908740944319,False,2,27
CNC(Cc1cc(CCc2ccc(C=CC(=O)Nc3ccccc3N)cc2)ccc1F)N(C)C(=O)O,6.437194708103775,365.43092051440533,Tier 3 (300-500 nM),-9.658585319728594,Ortho-aminoanilide,True,False,3.168623013589058,490.5790000000002,4.542800000000002,4,4,107.69000000000001,10,3.457942772471625,6.06800814560261,5.998085289252622,0.36918656250116477,0.4391094188511522,-5.073345926927174,-6.322156733781271,3.3364285859473233,False,False,0.43037974683544306,0.3132530120481928,False,True,281,False,6.823908740944319,False,7,14
CC(C)CC(F)N1CCC(CNC(=O)c2ccc(/C=C/C(=O)Nc3ccccc3N)cc2)CC1N,6.435902088068871,366.5201975150294,Tier 3 (300-500 nM),-7.095228410848694,Ortho-aminoanilide,True,False,3.733197755648453,481.6160000000002,3.9890000000000017,4,5,113.48,9,4.744043445327351,6.794230130250289,6.613603356982092,-0.35832804218141856,-0.17770126891322136,-5.248378213084443,-6.037281683941355,1.057946726907339,False,False,0.6052631578947368,0.2708333333333333,False,True,281,False,6.823908740944319,False,2,27
CC(C)CC1CN(c2conc2Cc2ccc(/C=C/C(=O)C(F)(F)F)cc2)CCO1,6.435019995164168,367.2653910020055,Tier 3 (300-500 nM),-7.272449347590104,Trifluoromethyl-ketone,True,False,3.4959397410201873,422.4470000000001,4.661300000000004,0,5,55.57000000000001,7,3.7593363208128125,6.174275085105374,6.087140874918326,0.2607449100587935,0.34787912024584156,-6.4004933096120595,-6.525436341957586,0.7470130056325184,False,False,0.2978723404255319,0.24731182795698925,True,True,35,False,8.167491087293763,False,18,3
N#Cc1ccc(C2CN(c3cc(Cn4cccc(O)c4=S)ccc3C#N)CCO2)cc1,6.4308124262045565,370.84085507946196,Tier 3 (300-500 nM),-7.1333144237088835,3-HPT,True,False,3.2767623492840725,428.5170000000002,4.292750000000004,1,6,85.21,4,1.1460943140481668,6.225274035711365,6.232613649266937,0.20553839049319134,0.19819877693761967,-6.8683041472602175,-6.343957365593024,0.2650102764486659,False,False,0.5081967213114754,0.23863636363636365,False,True,28,False,6.247789037426088,True,20,2
O=C(/C=C/c1ccc(Cc2cc(O)c(-c3nocc3C3CC3O)c(O)c2)cc1)C(F)(F)F,6.428660529960049,372.68290324775575,Tier 3 (300-500 nM),-7.304494149445156,Trifluoromethyl-ketone,True,False,3.843017220958826,445.3930000000001,4.336400000000002,3,6,103.79,6,2.9927165230093586,5.779926301496792,6.298071321529056,0.6487342284632573,0.13058920843099298,-6.157747029091047,-6.3804944524077145,0.9239996970374413,False,False,0.3484848484848485,0.24390243902439024,True,True,35,False,8.167491087293763,False,36,1
N#CC(Cc1cc(CCc2ccc(C=CC(=O)Nc3ccccc3N)cc2)ccc1F)NC(=O)O,6.427767551885534,373.4499865337196,Tier 3 (300-500 nM),-7.429709136809837,Ortho-aminoanilide,True,False,3.041432518324071,472.52000000000015,4.5472800000000015,4,4,128.23999999999998,9,3.5133971755921984,5.943873138833876,6.2921396147721955,0.48389441305165803,0.13562793711333843,-6.425243350010389,-6.299698712977504,1.0044657867994484,False,False,0.4024390243902439,0.30120481927710846,False,True,281,False,6.823908740944319,False,7,14
CC(=O)NC(=O)COCc1cc(Cc2ccc(C=CC(=O)Nc3ccccc3N)cc2)ccc1C(C)=O,6.422632675759058,377.89167480796596,Tier 3 (300-500 nM),-7.613725140788283,Ortho-aminoanilide,True,True,2.580396352903721,499.56700000000023,3.8934000000000015,3,6,127.59,10,3.5903152672192915,4.991636051918847,6.297007359114741,1.430996623840211,0.12562531664431642,-6.123766158854618,-6.532274159209451,1.0814509815788318,False,False,0.44871794871794873,0.3670886075949367,False,False,281,False,6.823908740944319,False,35,1
CS(=O)(=O)c1cc(Cc2ccc(C=CC(=O)Nc3ccccc3N)cc2)cc(O)c1CCO,6.4205578229942075,379.7013812660177,Tier 3 (300-500 nM),-7.9651172834273485,Ortho-aminoanilide,True,False,2.5973405437258794,466.55900000000025,3.1554000000000015,4,6,129.72,8,3.3811485764537887,5.682893844540199,6.648760034162667,0.7376639784540089,-0.22820221116845918,-6.616667437593332,-6.507257693743712,1.3484498458340166,False,False,0.4,0.30864197530864196,False,True,281,False,6.823908740944319,False,14,5
COc1cc(C#N)ccc1CCC(Cn1cccc(O)c1=S)c1cocc1N1CCN(O)CC1,6.418477896687863,381.5242113673599,Tier 3 (300-500 nM),-7.364100390624046,3-HPT,True,False,3.8917980412170774,480.59000000000026,4.324270000000004,2,8,98.02999999999999,8,1.7084585225102826,5.99335759764298,6.310825694153002,0.4251202990448828,0.10765220253486074,-6.92423050348498,-6.466675242330548,0.43986988713906605,False,False,0.3424657534246575,0.26881720430107525,True,True,28,False,6.247789037426088,True,0,33
Nc1ccc(CCC(Cn2cccc(O)c2=S)c2cocc2N2CCN(CCO)CC2)cc1,6.418322021238527,381.66117127374315,Tier 3 (300-500 nM),-7.324985540189772,3-HPT,True,False,3.5808751284632283,468.6230000000004,3.629290000000003,3,7,91.02999999999999,9,1.6906890687931384,5.928085838126406,6.287427823108671,0.49023618311212136,0.13089419812985614,-6.1532541162062735,-6.221125953361288,1.1038595868284835,False,False,0.30303030303030304,0.24691358024691357,True,True,28,False,6.247789037426088,True,0,33
CNCC(C(=O)NC(C)=O)c1cc(CCc2ccc(C=CC(=O)Nc3ccccc3N)cc2)ccc1C,6.416121549049574,383.5998696748811,Tier 3 (300-500 nM),-7.868546700213074,Ortho-aminoanilide,True,True,3.137227678260948,498.6270000000002,3.9800200000000014,4,5,113.32000000000001,10,4.971884037260026,6.073266170883804,6.297160321446569,0.34285537816576994,0.11896122760300543,-5.890819672867637,-6.394177838918341,1.4743688612947325,False,False,0.4125,0.3333333333333333,False,True,281,False,6.823908740944319,False,7,14
CNC(O)c1cc(-c2ccc(/C=C/C(=O)Nc3ccccc3N)cc2)cc(OC)c1C,6.414487444559614,385.04594618441047,Tier 3 (300-500 nM),-7.258840780139378,Ortho-aminoanilide,True,False,3.0085086312856824,417.5090000000002,4.115020000000002,4,5,96.61,7,3.3973796113549777,5.564828549320197,5.808761444138753,0.8496588952394175,0.6057260004208613,-5.761823774915437,-6.740746799688943,0.518093980450435,False,False,0.527027027027027,0.3,False,True,281,False,6.823908740944319,False,12,7
CC(=O)c1c(O)cc(Cc2ccc(C=CC(=O)Nc3ccccc3N)cc2)cc1S(C)(=O)=O,6.413887503994917,385.57822168431153,Tier 3 (300-500 nM),-8.229776646902385,Ortho-aminoanilide,True,False,2.5255675035553473,464.5430000000002,3.8232000000000017,3,6,126.55999999999997,7,2.7742709835285813,5.872331414836964,6.366156713743801,0.541556089157953,0.04773079025111571,-5.82574765347309,-6.465718001857084,1.764058645045301,False,False,0.4305555555555556,0.3125,False,True,281,False,6.823908740944319,False,14,5
CNCC1CC(CNC(=O)c2ccc(/C=C/C(=O)Nc3ccccc3N)cc2)CCN1c1ccccc1,6.413712428394172,385.7336898056715,Tier 3 (300-500 nM),-7.5013802674263825,Ortho-aminoanilide,True,False,3.2405124993214,497.6430000000002,4.155100000000002,4,5,99.48999999999998,9,4.207773566169407,6.111055231544018,6.2209956949652625,0.3026571968501539,0.1927167334289095,-5.262372785260633,-6.093179188705754,1.4082010787206283,False,False,0.6619718309859155,0.2826086956521739,False,True,281,False,6.823908740944319,False,2,27
CNC(C#N)Cc1cc(C(Cc2ccc(C=CC(=O)Nc3ccccc3N)cc2)OC)ccc1F,6.4099204827211045,389.116383853765,Tier 3 (300-500 nM),-7.742099964222265,Ortho-aminoanilide,True,False,3.4496959399536147,472.56400000000014,4.644080000000003,3,5,100.17,10,3.9603946328443174,5.362052349219815,6.185399931515814,1.0478681335012894,0.22452055120529035,-5.914259492376212,-6.694449465832744,1.0476504983895216,False,False,0.4268292682926829,0.313953488372093,False,True,281,False,6.823908740944319,False,7,14
CCOc1cc(C#N)ccc1CCC(Cn1cccc(O)c1=S)c1cocc1N1CCN(O)CC1,6.4080590730479035,390.7877369479803,Tier 3 (300-500 nM),-7.5876800556843325,3-HPT,True,False,3.9055354414009944,494.6170000000003,4.714370000000004,2,8,98.02999999999999,9,1.9110388281699784,5.915163867744867,6.512664400305924,0.49289520530303665,-0.10460532725802096,-6.941183946800785,-6.421396013362463,0.6464961088835475,False,False,0.33783783783783783,0.25252525252525254,True,True,28,False,6.247789037426088,True,0,33
CNC(C#N)CN1CCC(CNC(C)c2ccc(/C=C/C(=O)Nc3ccccc3N)cc2)CC1F,6.407311321235126,391.4611600636975,Tier 3 (300-500 nM),-7.683109493282946,Ortho-aminoanilide,True,False,4.025167635226612,478.6160000000002,3.690480000000001,4,6,106.21,10,2.964462932138535,6.288139104000603,6.458073001802102,0.11917221723452265,-0.05076168056697661,-5.596058868091684,-6.540505373548402,1.1426041197345445,False,False,0.4318181818181818,0.24761904761904763,False,True,281,False,6.823908740944319,False,2,27
N#CCCCc1ccc(CC(N)(C#N)n2cccc(O)c2=S)c(Cc2ccc(C#N)cc2)c1,6.405948616713579,392.6913936936478,Tier 3 (300-500 nM),-8.185938874056701,3-HPT,True,False,3.7107123545308776,453.5710000000002,4.609730000000003,2,6,122.55000000000001,8,1.2948643582906518,4.995462741148949,5.980588886336091,1.4104858755646301,0.42535973037748853,-6.471363028893477,-6.5602891352666735,1.6256497387900275,False,False,0.3787878787878788,0.2619047619047619,False,True,28,False,6.247789037426088,True,21,2
CCC1CC(C(N)Cc2ccnc(N3CCOCC3)c2)N=C2c3ccc(C#N)cc3SC(=S)N21,6.4053046878422,393.27406948394366,Tier 3 (300-500 nM),-8.319571345086358,Cyclic-thione,True,False,4.301372477589835,492.6740000000002,3.3499800000000013,1,8,90.77,5,1.8333550698255674,5.219799325057408,6.573787464575453,1.1855053627847925,-0.16848277673325285,-6.391749276339121,-5.847770716525068,1.9278220687472363,False,False,0.35802469135802467,0.23,False,True,51,False,7.2441251443275085,False,16,3
COC1CN(c2cocc2C(CCc2ccc(C#N)cc2)Cn2cccc(O)c2=S)CCN1O,6.40436996844259,394.1214133710389,Tier 3 (300-500 nM),-7.539568868169132,3-HPT,True,False,4.266499974850084,480.5900000000002,4.288170000000004,2,8,98.03,8,1.9132640830534073,6.169108019142026,6.00766064320414,0.23526194930056388,0.39670932523844993,-6.845284149242249,-6.797051181290977,0.694284718926883,False,False,0.4142857142857143,0.2391304347826087,False,True,28,False,6.247789037426088,True,0,33
CNC(NC(C)=O)c1cc(-c2ccc(/C=C/C(=O)Nc3ccccc3N)cc2)cc(O)c1C,6.401949876491226,396.32377278682844,Tier 3 (300-500 nM),-7.7215812874738425,Ortho-aminoanilide,True,False,3.1444240494278466,444.53500000000014,3.955820000000002,5,5,116.47999999999999,7,3.9420974122709693,6.237439330767113,5.916594089734326,0.16451054572411294,0.4853557867569007,-6.00828588288265,-6.590413385059679,1.1311679024141634,False,False,0.4142857142857143,0.3,False,True,281,False,6.823908740944319,False,12,7
CCCN1CCC(CNC(=O)c2ccc(/C=C/C(=O)Nc3ccccc3N)cc2)CC1O,6.400339568361644,397.79601816806036,Tier 3 (300-500 nM),-7.257511140431054,Ortho-aminoanilide,True,False,3.2035411297423497,436.55600000000015,3.090900000000001,4,5,107.69000000000001,8,4.724625342646094,5.7768043574188415,6.2739192068044325,0.6235352109428023,0.12642036155721126,-6.093677598728999,-6.96043209262038,0.2970790478106746,False,False,0.647887323943662,0.2777777777777778,False,True,281,False,6.823908740944319,False,2,27
CNC(N)c1cc(-c2ccc(/C=C/C(=O)Nc3ccccc3N)cc2)cc(Br)c1C,6.400217927361597,397.9074519638464,Tier 3 (300-500 nM),-9.191580986682164,Ortho-aminoanilide,True,False,3.0648298509102965,465.39500000000015,4.835320000000002,4,4,93.16999999999999,6,4.199989775966443,5.884854756356152,6.11703775945006,0.5153631710054452,0.2831801679115369,-5.167614663341691,-6.557735885728427,2.633845100953737,False,False,0.4264705882352941,0.2911392405063291,False,True,281,False,6.823908740944319,False,12,7
Cc1cc(C#N)ccc1CCC(Cn1cccc(O)c1=S)c1cocc1N1CCNCC1,6.399632423598813,398.4442615176733,Tier 3 (300-500 nM),-7.887129971994742,3-HPT,True,False,3.779809796592888,448.59200000000027,4.522490000000004,2,6,77.36,7,1.6882509945203665,5.933897596614711,6.045933575425428,0.46573482698410196,0.35369884817338537,-6.753053623997824,-6.5548931111521265,1.1340763479969187,False,False,0.36231884057971014,0.23958333333333334,False,True,28,False,6.247789037426088,True,0,33
Cc1ccc(Cc2cccc(C#N)c2)c(C(=O)NC(=O)NC2CN3CCC2CC3CBr)c1,6.398673726316206,399.32479160113525,Tier 3 (300-500 nM),-7.307517190237236,Acylurea,True,True,4.4882948635567175,495.4210000000002,3.7546000000000035,2,4,85.23,5,2.8055993112805804,6.090790609390557,6.297321364723492,0.30788311692564907,0.10135236159271432,-6.007604351232507,-6.387407622144828,0.9201095680924078,False,False,0.35802469135802467,0.3010752688172043,False,True,24,False,6.0,True,34,1
N#Cc1ccc(CCC(Cn2cccc(O)c2=S)c2cocc2N2CCN(CCO)CC2)cc1,6.395195737669419,402.5355695914088,Tier 3 (300-500 nM),-8.154098448972627,3-HPT,True,False,3.6066905997630982,478.61800000000034,3.918770000000003,2,7,88.8,9,1.6926858796886404,6.2134380459801335,6.269614199286703,0.18175769168928557,0.12558153838271569,-6.45675912407474,-6.207047640799792,1.6973393248978876,False,False,0.4307692307692308,0.2558139534883721,False,True,28,False,6.247789037426088,True,0,33
COCC(F)C(C)N1CCC(CNC(=O)c2ccc(/C=C/C(=O)Nc3ccccc3N)cc2)CC1O,6.391528493337794,405.94902873804386,Tier 3 (300-500 nM),-7.107269228972896,Ortho-aminoanilide,True,False,3.9575774201128695,498.5990000000002,3.053900000000001,4,6,116.92,10,3.6919023448112394,6.36271966082151,6.339532356048304,0.028808832516284077,0.05199613728948993,-5.852840631439429,-6.282156523921029,0.8251127050518674,False,False,0.5949367088607594,0.28888888888888886,False,True,281,False,6.823908740944319,False,2,27
CCN1CCN(c2cocc2C(CCc2ccc(CO)cc2)Cn2cccc(O)c2=S)CC1,6.3901266525565985,407.2614915123638,Tier 3 (300-500 nM),-7.043698953299894,3-HPT,True,False,3.522915128463228,467.6350000000002,4.566990000000005,2,6,65.01,9,1.803203684542025,6.174646250447993,6.579177608174214,0.21548040210860542,-0.1890509556176152,-6.272801280195132,-6.31489706432181,0.7288018889780838,False,False,0.3235294117647059,0.23809523809523808,True,True,28,False,6.247789037426088,True,0,33
CNC(C#N)Cc1cc(CC(C(N)=O)c2ccc(C=CC(=O)Nc3ccccc3N)cc2)ccc1F,6.384243486222723,412.81599274248583,Tier 3 (300-500 nM),-7.786159834877067,Ortho-aminoanilide,True,False,3.467238176546582,485.56300000000016,3.525480000000001,4,5,134.03,10,3.460276440641544,5.604481830938154,6.34127124852712,0.7797616552845694,0.04297223769560343,-6.675755927297829,-6.675714954127111,1.1104039075792373,False,False,0.40963855421686746,0.313953488372093,False,True,281,False,6.823908740944319,False,7,14
CNc1ccc(C[NH2+]CC(C)c2ccc(/C=C/C(=O)C(F)(F)F)cc2C(N)=O)cc1C(C)(C)C,6.383782697651301,413.25422497391895,Tier 3 (300-500 nM),-9.29001660061035,Trifluoromethyl-ketone,True,False,3.999209607129358,476.5630000000003,4.136400000000003,3,3,88.80000000000001,9,1.6435339261593183,5.790185754934101,5.914013411552157,0.5935969427172001,0.4697692860991438,-5.087562773052859,-6.830611364689334,2.4594052359210163,False,False,0.275,0.25287356321839083,True,True,35,False,8.167491087293763,False,33,1
N#Cc1ccc(CC(Cn2cccc(O)c2=S)c2cocc2N2CCNCC2)c(C#N)c1,6.382349426815823,414.6203111211127,Tier 3 (300-500 nM),-7.315244411235876,3-HPT,True,False,3.8959504320443923,445.5480000000003,3.6956500000000023,2,7,101.15,6,1.0522235403052522,5.429139137841261,6.123226175904861,0.953210288974562,0.259123250910962,-6.808674013360037,-6.1676438203746144,0.5065703978758389,False,False,0.4057971014492754,0.2247191011235955,False,True,28,False,6.247789037426088,True,6,4
CNC(CO)Cc1cc(CCc2ccc(C=CC(=O)Nc3ccccc3N)cc2)ccc1F,6.381195746310881,415.72319244825246,Tier 3 (300-500 nM),-9.555541319037275,Ortho-aminoanilide,True,False,2.865124967381309,447.5540000000001,3.9678000000000013,4,4,87.38,10,3.882176199023699,5.806541991869252,6.502189783225561,0.5746537544416288,-0.12099403691468069,-4.833740670974376,-6.806410604671692,2.7491307143655828,False,False,0.4342105263157895,0.3291139240506329,False,True,281,False,6.823908740944319,False,7,14
CNC(N)c1cc(-c2ccc(/C=C/C(=O)Nc3ccccc3N)cc2)cc(OC)c1C,6.381140948076441,415.77565071146114,Tier 3 (300-500 nM),-7.372361303184163,Ortho-aminoanilide,True,False,3.021702265237937,416.5250000000002,4.081420000000002,4,5,102.39999999999999,7,3.67029111457293,5.590073636444324,5.987688944373572,0.7910673116321165,0.39345200370286904,-5.579821337524914,-6.716890360147826,0.6554709430363372,False,False,0.52,0.2962962962962963,False,True,281,False,6.823908740944319,False,12,7
CC(=O)c1cc(S(C)(=O)=O)c(Cc2ccc(C=CC(=O)Nc3ccccc3N)cc2)cc1CO,6.38028342757367,416.59741655120115,Tier 3 (300-500 nM),-7.6489462010671305,Ortho-aminoanilide,True,False,2.5855459042069775,478.57000000000016,3.609900000000002,3,6,126.56,8,2.660767380658905,5.543607744572789,6.555498554655964,0.8366756830008812,-0.1752151270822937,-5.512345198442441,-6.333371182310934,1.3155750187561965,False,False,0.4246575342465753,0.3246753246753247,False,True,281,False,6.823908740944319,False,14,5
CC(O)CN1CCC(CNC(=O)c2ccc(/C=C/C(=O)Nc3ccccc3N)cc2)CC1F,6.377623223951279,419.15705085796844,Tier 3 (300-500 nM),-7.310574041024787,Ortho-aminoanilide,True,False,3.562396070611526,454.54600000000016,3.038900000000001,4,5,107.69,8,4.892335942882758,6.2076564682481,7.1889759571496255,0.16996675570317876,-0.8113527331983468,-5.341132009740634,-6.3957373128295325,0.9148367281952545,False,False,0.6216216216216216,0.25806451612903225,False,True,281,False,6.823908740944319,False,2,27
CCCC(c1cc(/C=C/C(=O)Nc2ccccc2N)cc(F)c1OCC(=O)NC(C)=O)C(C)O,6.377055539166497,419.70530710940915,Tier 3 (300-500 nM),-7.506675486873835,Ortho-aminoanilide,True,True,3.5345787602482552,471.5290000000002,3.3658000000000015,4,6,130.75,10,2.2798074404641224,5.693651451290428,5.439459691215348,0.6834040878760685,0.9375958479511484,-6.550093324294592,-6.988131007729911,0.518544479143924,False,False,0.5,0.3068181818181818,False,True,281,False,6.823908740944319,False,32,1
CC(=O)C1CN(c2conc2Cc2ccc(/C=C/C(=O)C(F)(F)F)cc2)CCO1,6.376882312491603,419.8727480037017,Tier 3 (300-500 nM),-7.204129632458707,Trifluoromethyl-ketone,True,False,3.558335513808105,408.3760000000001,3.204200000000002,0,6,72.64,6,3.488654743451793,6.414599679013759,6.2296454014016565,-0.037717366522155515,0.14723691108994696,-6.943615335006166,-6.636198267787884,0.2605142974525405,False,False,0.32222222222222224,0.26666666666666666,True,True,35,False,8.167491087293763,False,18,3
CCC(OCCCC(CC#N)c1ccoc1)C1C(=O)NC(=O)NC1=O,6.370017465082539,426.5623643199846,Tier 3 (300-500 nM),-7.374935365004635,Acylurea,True,True,4.1606848416126585,347.3710000000001,1.8344799999999999,2,6,121.42999999999998,9,2.61598606674164,6.08056673696906,6.08863067169951,0.28945072811347927,0.28138679338302897,-6.649394459544473,-6.684734045411411,0.690201319593224,False,False,0.2037037037037037,0.2261904761904762,True,True,24,False,6.0,True,15,4
N#Cc1ccc(C2CN(c3cc(Cn4cccc(O)c4=S)ccc3C#N)CCO2)c(C#N)c1,6.368061299670462,428.48803602498685,Tier 3 (300-500 nM),-7.190180612933068,3-HPT,True,False,3.5357045091161687,453.52700000000027,4.164430000000005,1,7,109.0,4,1.1441250352381007,6.1141399544950845,6.227713844123383,0.25392134517537723,0.1403474555470785,-6.863126241869244,-5.855153523878967,0.3270543710638236,False,False,0.47761194029850745,0.25263157894736843,False,True,28,False,6.247789037426088,True,20,2
N#CCC(CCCOCC1(C2CC2)C(=O)NC(=O)NC1=O)c1ccoc1,6.3650487137087,431.47067714368717,Tier 3 (300-500 nM),-7.619533015889069,Acylurea,True,True,3.9126118016896587,359.38200000000006,1.8360799999999997,2,6,121.42999999999999,9,2.992707825398638,6.454812322023791,6.238733885559279,-0.08976360831509123,0.12631482814942085,-6.40118511316686,-6.701617442772399,0.9179155731166704,False,False,0.21359223300970873,0.24050632911392406,True,True,24,False,6.0,True,15,4
CCN1CCN(c2cocc2C(CCc2ccc(N)cc2)Cn2cccc(O)c2=S)CC1,6.364321723529246,432.1935452522808,Tier 3 (300-500 nM),-7.2192564443097575,3-HPT,True,False,3.545239395255095,452.6240000000002,4.656890000000004,2,6,70.8,8,1.6731314849588441,6.259855746430688,6.301247685424623,0.10446597709855787,0.06307403810462286,-6.3323501503144035,-6.852197543120782,0.3670589011889751,False,False,0.3188405797101449,0.23529411764705882,True,True,28,False,6.247789037426088,True,0,33
CNC(C#N)Cc1cc(CCc2ccc(C=CC(=O)Nc3ccccc3N)cc2)ccc1C(N)=O,6.361435383722759,435.0754882942104,Tier 3 (300-500 nM),-7.577771555809778,Ortho-aminoanilide,True,False,3.0853150358065875,467.57300000000015,3.4588800000000006,4,5,134.03,10,3.874343860905014,5.769589276817514,6.572294362354968,0.591846106905245,-0.21085897863220904,-6.655760693170103,-6.975456274587162,0.6023152812226158,False,False,0.3950617283950617,0.32926829268292684,False,True,281,False,6.823908740944319,False,7,14
CNC(O)(CC(F)C(F)(F)CC(=O)C(F)(F)F)c1ccc(/C=C/C(=O)C(F)(F)F)cc1,6.356207418452009,440.34450534221645,Tier 3 (300-500 nM),-9.008866101422282,Trifluoromethyl-ketone,True,False,4.1767158255219305,465.31200000000007,4.080700000000002,2,4,66.4,9,4.172386926767171,5.783196050338455,6.518534361254486,0.573011368113554,-0.16232694280247628,-6.7160231886817305,-6.832014247236999,2.1768518541852826,False,False,0.3870967741935484,0.25333333333333335,False,True,35,False,8.167491087293763,False,19,2
Nc1ccccc1NC(=O)/C=C/c1ccc(C(=O)NCC2CCN(CO)C(F)C2)cc1,6.354707959418491,441.86748050386745,Tier 3 (300-500 nM),-7.121107184304544,Ortho-aminoanilide,True,False,3.3404348814659848,426.49200000000025,2.6079000000000008,4,5,107.69,7,2.9223760066401865,6.356300421308758,6.0114259382976885,-0.0015924618902669607,0.3432820211208023,-6.622807496027699,-6.723966462568074,0.39714072173646997,False,False,0.6666666666666666,0.25,False,True,281,False,6.823908740944319,False,2,27
CC(Cc1ccnc(N2CCOCC2)c1)C1CC(CO)N2C(=S)Sc3cc(C#N)ccc3C2=N1,6.353618892458683,442.97692852313713,Tier 3 (300-500 nM),-7.7400920000821944,Cyclic-thione,True,False,4.284174989363775,493.6580000000002,3.241080000000002,1,8,84.98,5,2.7363394117079243,5.570761777000814,6.133434478844693,0.782857115457869,0.22018441361398988,-6.48104314799718,-6.0371739090395415,1.259048852085014,False,False,0.35802469135802467,0.25510204081632654,False,True,51,False,7.2441251443275085,False,16,3
CCC(O)OCC1C(=O)NC(=O)NC1=O,6.347665674961138,449.09097245194204,Tier 3 (300-500 nM),-8.190884598578744,Acylurea,True,True,3.571614651261738,216.193,-1.2863999999999993,3,5,104.72999999999999,4,2.4006257463614955,4.293895994144675,4.712128869863926,2.0537696808164627,1.635536805097212,-6.48988996682232,-6.85825207038423,1.3326325281945142,True,False,0.21739130434782608,0.27450980392156865,True,True,24,False,6.0,True,31,1
CC(=O)c1conc1-c1conc1-c1ccc(/C=C/C(=O)C(F)(F)F)cc1,6.34726004872588,449.5106143854194,Tier 3 (300-500 nM),-7.040117540074753,Trifluoromethyl-ketone,True,False,3.0742551926072537,376.29,4.343800000000002,0,6,86.19999999999999,5,2.262457066685301,5.560610709426563,6.182625065820838,0.7866493392993164,0.1646349829050413,-6.527946371471882,-6.8073078008714765,0.23280973920327686,False,False,0.328125,0.25757575757575757,True,True,35,False,8.167491087293763,False,30,1
CNC(c1ccc(/C=C/C(=O)Nc2ccccc2N)cc1)c1cc(O)c(OC)cc1C(=O)COC,6.346144982830951,450.6662311273376,Tier 3 (300-500 nM),-7.020254150580162,Ortho-aminoanilide,True,False,3.0884637585124537,475.5450000000003,3.772800000000002,4,7,122.91000000000001,10,3.1133945445688123,5.3348924876003165,6.035723610452898,1.011252495230634,0.3104213723780527,-5.88914917456955,-6.1501569151840565,0.8700972353961056,False,False,0.4805194805194805,0.3058823529411765,False,True,281,False,6.823908740944319,False,17,1
CCCC(c1ccc(C#N)cc1N1CCOCC1)C(C)(O)n1cccc(O)c1=S,6.346134260945575,450.67735733667496,Tier 3 (300-500 nM),-7.023944165195227,3-HPT,True,False,3.9101866588253733,413.543,3.880370000000003,2,6,81.65,6,1.5465801898394436,5.7157566578329675,6.00292734059297,0.6303776031126072,0.34320692035260425,-6.899265842918379,-6.447862858402814,0.12467832227684728,False,False,0.30985915492957744,0.2857142857142857,True,True,28,False,6.247789037426088,True,29,1
Nc1ccccc1NC(=O)/C=C/c1ccc(C(=O)NCC2CCN(CF)C(N)C2)cc1,6.344814633997044,452.04884714331445,Tier 3 (300-500 nM),-7.017856387172606,Ortho-aminoanilide,True,False,3.37210638496249,425.50800000000027,2.574300000000001,4,5,113.47999999999999,7,2.9223760066401865,6.642959832093536,6.183045893045653,-0.298145198096492,0.16176874095139038,-6.496307955145695,-6.776556823325656,0.24129956384695017,False,False,0.6764705882352942,0.26666666666666666,False,True,281,False,6.823908740944319,False,2,27
CC(C)(C)C1(COCCCC(CC#N)c2ccoc2)C(=O)NC(=O)NC1=O,6.343336598577529,453.58992692805805,Tier 3 (300-500 nM),-7.209695062161871,Acylurea,True,True,3.988757099285447,375.42500000000007,2.47218,2,6,121.42999999999998,8,2.485003738208158,6.537213287317904,6.431893032780376,-0.19387668874037534,-0.08855643420284753,-6.601106676354483,-6.7275639218620755,0.48213114029979565,False,False,0.22549019607843138,0.24050632911392406,True,True,24,False,6.0,True,15,4
CC1CC(CNC(=O)c2ccc(C=CC(=O)Nc3ccccc3N)cc2)CC(N)N1CCCO,6.340093610282892,456.9896768650003,Tier 3 (300-500 nM),-7.228781365848625,Ortho-aminoanilide,True,False,3.6485362727232724,465.5980000000003,2.418200000000001,5,6,133.70999999999998,9,3.1958367403363273,6.129247447800679,6.071365216496706,0.21084616248221355,0.2687283937861862,-6.348257786766021,-6.308894257429639,0.8805235790826043,False,False,0.5657894736842105,0.2631578947368421,False,True,281,False,6.823908740944319,False,2,27
N#Cc1ccc2c(c1)SC(=S)N1C2=NC(C(N)Cc2ccnc(N3CCOCC3)c2)CC1F,6.336944154466503,460.31576136204313,Tier 3 (300-500 nM),-8.20051990229053,Cyclic-thione,True,False,4.356782247965581,482.61000000000035,2.8669800000000016,1,8,90.77,4,1.9614678097703537,5.48677661517915,6.558037149257089,0.8501675392873524,-0.22109299479058642,-6.311763390793584,-6.252717049660123,1.888756511496946,False,False,0.3670886075949367,0.23469387755102042,False,True,51,False,7.2441251443275085,False,16,3
N#Cc1ccc(CCC(Cn2cccc(O)c2=S)c2cocc2N2CCN(O)C(C#N)C2)cc1,6.336782200653688,460.48745084412815,Tier 3 (300-500 nM),-7.624327709754822,3-HPT,True,False,4.303877453041995,475.57400000000024,4.207850000000003,2,8,112.59,7,1.4911788177328886,6.130184237015395,6.12097033120166,0.20659796363829308,0.21581186945202813,-6.727287884706436,-6.302159556520878,0.8970398250483864,False,False,0.4117647058823529,0.23333333333333334,False,True,28,False,6.247789037426088,True,0,33
CC(=O)c1cc(C#N)ccc1CC(Cn1cccc(O)c1=S)c1cocc1N1CCNCC1,6.331947502836603,465.64237659255014,Tier 3 (300-500 nM),-7.029814181962261,3-HPT,True,False,3.83907079389522,462.5750000000003,4.026570000000003,2,7,94.42999999999999,7,1.1559923030440487,5.620346799554691,6.139696224051934,0.7116007032819116,0.19225127878466886,-6.520793690773752,-6.156722942280116,0.509020491188509,False,False,0.3472222222222222,0.24489795918367346,True,True,28,False,6.247789037426088,True,6,4
N#CCc1ccc(CCC(Cn2cccc(O)c2=S)c2cocc2N2CCN(CC#N)CC2)cc1,6.331671577285757,465.93831277978813,Tier 3 (300-500 nM),-7.56487545089616,3-HPT,True,False,3.7665263492456242,487.62900000000036,4.644450000000004,1,7,92.35999999999999,9,1.5356903534537145,5.875341795094773,6.361787892370814,0.4563297821909842,-0.030116315085057188,-6.390486195388821,-6.561486769764231,1.0033886811319288,False,False,0.34782608695652173,0.23333333333333334,True,True,28,False,6.247789037426088,True,0,33
CNC(CC(F)C(F)(F)CC(=O)C(F)(F)F)(NC)c1ccc(/C=C/C(=O)C(F)(F)F)cc1,6.331035111100122,466.62165415704874,Tier 3 (300-500 nM),-8.462748639326021,Trifluoromethyl-ketone,True,False,4.065154711369049,478.3550000000001,4.307800000000003,2,4,58.2,10,3.9596224406572085,6.0248528240647845,6.459592943377144,0.30618228703533745,-0.12855783227702222,-6.012430436039144,-6.2353400334589555,2.2274086058670655,False,False,0.36507936507936506,0.2702702702702703,False,True,35,False,8.167491087293763,False,19,2
N#CCCc1ccc2c(CNC(=O)c3ccccc3O)c(N3CCOCC3)[nH]c2c1,6.330448724655345,467.25211443073107,Tier 3 (300-500 nM),-7.1671598791127105,Salicylamide,False,False,2.65966554467453,404.4700000000002,3.096280000000001,3,5,101.38,6,2.4108118035484787,6.543827185457757,5.967861878571349,-0.21337846080241185,0.36258684608399605,-6.785878731095023,-6.645912015845324,0.3812811480176874,False,False,0.34444444444444444,0.35802469135802467,True,False,41,False,3.443697499232713,True,28,1
O=C1NC(=O)C(COCCCO)C(=O)N1,6.320615410491442,477.9523370333382,Tier 3 (300-500 nM),-8.124031929849226,Acylurea,True,True,2.7832629499483836,216.19299999999996,-1.6323999999999992,3,5,104.73000000000002,5,2.8055903749935527,4.47105154312892,4.743889147212743,1.849563867362522,1.5767262632786991,-6.576205834068776,-6.787732631542228,1.3362992983069972,True,False,0.2,0.2641509433962264,True,True,24,False,6.0,True,27,1
CC(O)C(C)OC1C(=O)NC(=O)NC1=O,6.318046952318871,480.7873668957244,Tier 3 (300-500 nM),-8.355602633108939,Acylurea,True,True,3.843364915279662,216.193,-1.4930999999999994,3,5,104.72999999999999,3,2.000929483789266,4.371230306526227,5.196434091023174,1.9468166457926435,1.1216128612956968,-6.731620652022116,-6.934796565781397,1.4208060673275416,True,False,0.22,0.2631578947368421,True,True,24,False,6.0,True,26,1
CCN1CCN(c2cocc2C(CCc2ccc(C#N)cc2)Cn2cccc(O)c2=S)CC1,6.310363959458425,489.3685333365007,Tier 3 (300-500 nM),-8.158420742521358,3-HPT,True,False,3.570793670973349,462.6190000000002,4.946370000000006,1,6,68.57,8,1.8231179382893161,6.30106244290143,6.2768334809788415,0.009301516556995182,0.03353047847958379,-6.799195334741996,-6.712783729720485,1.3592254077793617,False,False,0.4375,0.27710843373493976,False,True,28,False,6.247789037426088,True,0,33
CCC(Cc1ccc(C#N)cc1Br)C(Cn1cccc(O)c1=S)C(O)C(C)O,6.304809781728007,495.66724242567517,Tier 3 (300-500 nM),-7.431353897373695,3-HPT,True,False,4.286804878601604,465.4130000000001,4.184170000000005,3,5,89.41000000000001,8,2.096078051783287,5.565236870711174,5.965110062394229,0.7395729110168334,0.33969971933377874,-6.922475260460164,-6.70453223664498,0.508878636913531,False,False,0.38461538461538464,0.21839080459770116,False,True,28,False,6.247789037426088,True,25,1
Cc1occ(N2CCNCC2)c1C(Cc1ccc(C#N)cc1)Cn1cccc(O)c1=S,6.302282774605602,498.5597632159992,Tier 3 (300-500 nM),-7.223186946266428,3-HPT,True,False,3.634327604253823,434.5650000000001,4.132390000000004,2,6,77.36,6,1.509486613411055,5.427864008291742,5.706627693890054,0.8744187663138598,0.5956550807155478,-6.96217807679002,-6.600828070704155,0.26100886947640767,False,False,0.453125,0.23595505617977527,False,True,28,False,6.247789037426088,True,6,4
