SMILES,zbg_tag,cluster_id,cluster_size,pIC50_pred,IC50_nM_est,IC50_tier,docking_pred,sa_score,l_shape_2d_proxy,MW,cLogP,HBD,HBA,TPSA,RotB,pains_brenk_flagged,soft_metabolic_liability,zbg_precedent_count,zbg_low_precedent,exceeds_real_precedent,ic50_model_low_confidence,dock_model_low_confidence,pIC50_hdac1_pred,pIC50_hdac6_pred,selectivity_vs_hdac1,selectivity_vs_hdac6,docking_hdac1_pred,docking_hdac6_pred,docking_selectivity,passes_ic50_selectivity
N#CCCC1CN(Cc2c(F)[nH]c3cc(CC#N)ccc23)CCN1CCc1ccc(O)[nH]c1=S,3-HPT,0,58,7.2414277487513035,57.35512772657253,Tier 1 (<150 nM),-7.6065864457212715,3.98348384613381,2.3597731710933525,478.59700000000026,4.168950000000003,3,6,105.87,8,True,False,0,True,False,True,True,6.7492450238879815,6.888629601470969,0.49218272486332193,0.35279814728033454,-6.244528670084014,-6.587722485603366,1.0188639601179057,False
CCC(Cc1ccc(O)[nH]c1=S)CN1CCN(Cc2c[nH]c3cc(CO)ccc23)C(CCO)C1,3-HPT,8,1,6.675800629175564,210.95963764728387,Tier 2 (150-300 nM),-7.096303784339201,3.924574201654206,3.0962401421885875,484.6660000000003,3.5608900000000023,5,6,98.75,10,True,False,0,True,False,False,True,5.91082758084413,6.586462929477827,0.7649730483314334,0.08933769969773664,-6.137610995307795,-6.672289265575115,0.42401451876408647,False
N#CCCCc1ccc2c(CCc3ccc(O)[nH]c3=S)c(N3CCOCC3O)[nH]c2c1,3-HPT,30,1,6.578981273149052,263.6445067328164,Tier 2 (150-300 nM),-7.274549378882522,3.943597785757712,1.7950652754163443,438.55300000000017,3.717570000000001,4,6,108.30000000000001,7,True,False,0,True,False,True,True,7.124251859798386,6.317625158298547,-0.5452705866493348,0.26135611485050436,-6.2729407324295465,-6.591738403732823,0.6828109751496996,False
N#CCCc1c(Cl)cc(C(=O)NC(=O)NC2CN3CCC2CC3)cc1CCc1ccccc1C#N,Acylurea,1,55,7.883602336138913,13.073674376073756,Tier 1 (<150 nM),-7.476167264396425,4.073603178705143,1.6759804712969395,490.0070000000004,3.986660000000003,2,5,109.02000000000001,7,False,True,24,False,False,False,True,7.026283782495751,7.13568913367463,0.8573185536431618,0.7479132024642832,-5.48822242900905,-6.684424334636147,0.7917429297602778,False
Cc1ccccc1Cc1ccc(C(=O)NC(=O)NC2CN3CCC2C(CCCCCC#N)C3)cc1,Acylurea,7,3,7.660544552631103,21.850201551877873,Tier 1 (<150 nM),-10.230636847116964,4.43291825849628,2.1331742056166636,472.63300000000044,4.819600000000005,2,4,85.23,9,True,True,24,False,False,False,True,6.883752100173445,6.777450064432303,0.7767924524576584,0.8830944881988003,-5.959687874793207,-6.780421368275775,3.450215478841189,False
COc1cc(C(=O)NC(=O)NC2CN3CCC2CC3)cc(N2CCNCC2)c1CCC#N,Acylurea,11,1,7.400943880891716,39.72428774892827,Tier 1 (<150 nM),-7.961061824719025,4.045257955301717,2.3921761143839255,440.54800000000034,1.0945800000000006,3,7,109.72999999999999,6,False,True,24,False,False,False,True,6.7802269013797085,6.091208059047108,0.6207169795120073,1.3097358218446082,-6.603926249147653,-6.8514582634840036,1.109603561235021,False
Cc1ccc(C(=O)NC(=O)NC2CN3CCC2CC3)cc1C(=O)Cc1ccc(CC#N)cc1C#N,Acylurea,13,1,7.355071103741398,44.14981582911107,Tier 1 (<150 nM),-8.235549659656684,3.982659150733115,1.9229124941706004,469.5450000000003,2.8917800000000007,2,6,126.09,6,False,True,24,False,False,False,True,6.605572694675273,6.15396140637474,0.749498409066125,1.2011096973666584,-6.749549989883304,-6.731437549663681,1.4859996697733795,False
CCCNc1cc(Cc2cc(C(=O)NC)c(C(=O)O)cc2Cl)cc(-c2cscn2)c1C(=O)O,Carboxylate,35,1,7.2990656723836125,50.226663290209935,Tier 1 (<150 nM),-7.256094712304869,2.930649667545204,1.5268537297656841,487.96500000000015,4.632200000000003,4,6,128.62,9,False,False,148,False,False,False,True,6.272922202843943,6.0260178225434835,1.0261434695396696,1.273047849840129,-6.228325196160271,-6.709146081094204,0.5469486312106655,False
CNC(C)c1cc(CC(C)(Br)C(=O)N(CO)C(C)C)cc(Cl)c1C(=O)O,Carboxylate,4,26,7.17987052539969,66.0890447454404,Tier 1 (<150 nM),-7.604666115559042,3.9408226389377283,2.5240558046995845,449.7730000000002,3.201500000000001,3,4,89.87000000000002,8,True,False,148,False,False,False,True,5.864468957879016,5.8553719817183705,1.3154015675206745,1.3244985436813197,-6.3593689676807905,-6.164331102897669,1.2452971478782517,True
CCC(C)(Cc1c(C(=O)NC)cc(Cl)c(C(=O)O)c1-c1csc(F)n1)OC(C)CF,Carboxylate,9,8,7.152161029145153,70.44318289737953,Tier 1 (<150 nM),-7.450916720841948,4.255853270042339,1.2912745302599684,460.9300000000001,4.7462000000000035,2,5,88.52000000000001,9,False,False,148,False,False,False,True,6.375887862199462,6.184802435074332,0.7762731669456917,0.9673585940708218,-6.447023232955752,-6.953746819842082,0.49716990099986624,False
CNC(=O)c1cc(Cc2cc(Cl)c(C(=O)O)c(Br)c2)c(Cl)cc1C(=O)O,Carboxylate,27,2,6.947711159797118,112.79473810484305,Tier 1 (<150 nM),-7.963632769132523,2.52598467341015,2.545625905165547,461.0950000000001,4.102700000000002,3,3,103.7,5,False,False,148,False,False,False,True,5.810955584720674,6.607261998585581,1.1367555750764433,0.340449161211537,-4.935584566760892,-6.471986896768303,1.4916458723642192,False
COc1c(N2CCOCC2)cc(OCCC#N)c2c1SC(=S)N1C2=NC(CO)CC1CO,Cyclic-thione,2,32,7.797234534523401,15.95017548196586,Tier 1 (<150 nM),-7.293674832551955,4.2605215185842775,1.2804469568002543,478.5960000000002,1.3889799999999997,2,10,110.78,7,True,False,77,False,True,False,True,7.673213375887799,6.562943233123547,0.12402115863560237,1.2342913013998542,-6.5926474251292255,-6.401452211106107,0.7010274074227292,False
CCOc1cc(CCCC#N)c(N2CCOCC2)c2c1C1=NC(NO)CC(N)N1C(=S)S2,Cyclic-thione,5,19,7.672946464587575,21.235062101433396,Tier 1 (<150 nM),-7.751263196334345,4.490020757806593,1.752677875677361,476.6280000000001,2.20078,3,10,119.36999999999999,7,True,False,77,False,True,False,True,6.934090585822841,6.85304161077292,0.7388558787647339,0.8199048538146547,-6.262656024163089,-6.412335033006208,1.338928163328137,False
N#CCCC1CC(N)N=C2c3c(OC4CC4)cc(N4CCOCC4)c(N)c3SC(=S)N21,Cyclic-thione,10,5,7.502584606027911,31.43513964542253,Tier 1 (<150 nM),-8.580202991541212,4.438220895452,1.833350769667914,458.6130000000003,2.44668,2,9,113.13,5,True,False,77,False,True,False,True,6.688002570860613,6.997939714420851,0.8145820351672981,0.50464489160706,-6.726955187402369,-6.521331939680203,1.8532478041388423,False
CC1CC(N)N2C(=S)Sc3c(c(C(=O)CC#N)cc(-c4ccncc4)c3N3CCOCC3)C2=N1,Cyclic-thione,16,1,7.252065435734098,55.96732684173737,Tier 1 (<150 nM),-8.00682347567942,4.324546763113367,1.3818156979471934,492.6300000000003,3.1977800000000016,1,9,107.84,4,True,False,77,False,True,False,True,6.6797535378379225,6.393514112623486,0.5723118978961752,0.8585513231106114,-6.457362736635176,-6.255761711243747,1.5494607390442443,False
N#CC1CC(CNC(=O)c2ccc(/C=C/C(=O)Nc3ccccc3N)cc2)CCN1Cc1ccccc1,Ortho-aminoanilide,3,28,7.4163390969871275,38.340776393529275,Tier 1 (<150 nM),-7.379145628753886,3.2581915791201066,3.365124890619747,493.6110000000003,4.454880000000004,3,5,111.25,8,True,False,385,False,True,False,True,6.570194440002037,6.599364596008228,0.8461446569850901,0.8169745009788993,-5.040095827319415,-5.888388108362168,1.4907575203917176,False
CNC(CC#N)c1ccc(/C=C/C(=O)Nc2ccccc2N)c(Br)c1N1CCNCC1,Ortho-aminoanilide,17,4,6.715780941175813,192.40619841011483,Tier 2 (150-300 nM),-7.42300016293864,3.442625305990288,2.7470552550991503,483.41400000000027,3.266980000000001,4,6,106.21,7,True,False,385,False,False,False,True,6.447941034725587,5.220478390628281,0.2678399064502264,1.4953025505475326,-6.245885633134622,-6.874800559747932,0.5481996031907084,False
CC(C)(C)c1[nH]c2cc(C#N)ccc2c1CN1C2CCC1CC(NC(=O)NC(=O)c1ccccc1O)C2,Salicylamide,34,1,6.669797266590264,213.89603465478814,Tier 2 (150-300 nM),-7.413172219320315,4.327448407393674,1.719062026061633,499.61500000000024,4.677680000000004,4,5,121.25000000000001,4,False,True,32,False,True,False,True,6.301228918825029,6.426628832688285,0.36856834776523506,0.24316843390197818,-6.530304209947743,-6.582105316764678,0.8310669025556372,False
N#CCCc1ccc2c(CN3C4CCC3CC(NC(=O)NC(=O)c3ccccc3O)C4)c[nH]c2c1,Salicylamide,24,2,6.636276434361527,231.05935976667055,Tier 2 (150-300 nM),-7.42252510246665,4.157733165729687,1.7614632127129177,471.56100000000015,3.964680000000002,4,5,121.25,6,False,True,32,False,True,False,True,7.143582214779087,6.57432440596927,-0.5073057804175605,0.06195202839225722,-6.253466119808893,-6.630518364727687,0.792006737738963,False
Cc1[nH]c2cc(C#N)ccc2c1N1CCN(CCc2cccn3cnnc23)C(C2(N)CC2F)C1,Triazolopyridine,19,4,7.302093519713955,49.877707068744336,Tier 1 (<150 nM),-7.124874883770409,4.361057178750235,2.0890970803260993,458.54500000000013,2.563300000000001,2,6,102.27,5,False,False,0,True,False,False,True,6.29631587069732,6.444121283903891,1.0057776490166344,0.8579722358100641,-6.395070701443455,-6.968118235105659,0.15675664866475003,False
CCC(C)(C(C)c1cccn2cnnc12)N1CCN(c2c[nH]c3cc(C#N)ccc23)CC1C(C)=O,Triazolopyridine,25,2,6.89010089522479,128.7950300525027,Tier 1 (<150 nM),-7.043600552720874,4.3818614633693045,1.9178323243113256,469.5930000000002,4.134280000000003,1,6,93.32,6,False,False,0,True,False,False,True,5.919487479630618,6.086471444886507,0.9706134155941717,0.803629450338283,-6.848384043821175,-6.557070870540384,0.19521650889969866,False
N#CCCc1cc(CCCOCCF)c2c(Cc3cccn4cnnc34)c[nH]c2c1,Triazolopyridine,18,4,6.672262370313874,212.68537616755881,Tier 2 (150-300 nM),-7.724210581212121,3.254929277493435,1.2964571323017133,405.477,4.176280000000003,1,4,79.0,10,True,False,0,True,False,False,True,6.156887015732887,6.221096495939073,0.5153753545809865,0.4511658743748006,-6.739027954184402,-6.560469874060937,0.9851826270277195,False
N#Cc1cc(C2CN(CC(OCCC(=O)C(F)(F)F)C(N)N3CCNCC3)CCO2)ccn1,Trifluoromethyl-ketone,14,5,6.633821838200554,232.36898544271313,Tier 2 (150-300 nM),-7.050805317110021,4.343326591703338,1.3560121406616712,470.49600000000027,0.4232800000000021,2,9,116.74000000000001,9,False,False,23,False,False,False,True,7.331808271967286,6.330930203913477,-0.6979864337667321,0.3028916342870769,-6.886014083154527,-6.277267792378681,0.16479123395549422,False
Cc1ccccc1-c1c[nH]c([C@H](CCCCCC(C)([NH3+])c2ccon2)NC(=O)C(F)(F)F)n1,Trifluoromethyl-ketone,29,1,6.431918162330468,369.8978761025189,Tier 3 (300-500 nM),-8.079661336393178,4.2693863612975855,2.1454404963201634,464.512,4.200520000000001,3,4,111.45,10,True,False,23,False,False,False,True,7.186549980997589,5.1354437107430515,-0.7546318186671215,1.2964744515874163,-6.327710721841043,-6.869512268214344,1.2101490681788336,False
